"ASIN","title","order","category","brand","price","global_rating_count","description","Special_Feature","total_star_mean","detail_dict","best_sellers_rank_Feature"
B07DR5816K,Dr.Jart+ Cicapair Tiger Grass Color Correcting Treatment SPF 30 | cc cream | Korean Skin Care,1,Makeup,Dr.Jart+,54.0,"3367","{""Benefits"": ""Right after using, 92% said skin looked less red*. *In a consumer study with 106 people between 20-50."", ""Description"": ""A green-to-beige cica cream that instantly neutralizes redness and evens skin tone for a healthy, natural look. It protects skin from the sun with mineral SPF (recommended sunscreen for sensitive skin)."", ""Suggested use"": ""Warm between hands then gently press and blend into skin. The cream will change from green to beige as you blend.""}",Redness relief,4.2,"{""ASIN"": ""B07DR5816K"", ""Manufacturer"": ""Dr.Jart+"", ""Country of Origin"": ""Canada"", ""Item model number"": ""H59X011000"", ""Product Dimensions"": ""3.31 x 2.36 x 2.56 inches; 1.7 ounces"", ""Is Discontinued By Manufacturer"": ""No""}","#2,574 in Beauty & Personal Care (See Top 100 in Beauty & Personal Care)
#14 in CC Facial Creams"
B07GTMPYSG,Dr.Jart+ Cicapair Tiger Grass Color Correcting Treatment SPF 30 | cc cream | Korean Skin Care,1,Skin Care Products,Dr.Jart+,25.0,"3367","{""Benefits"": ""Right after using, 92% said skin looked less red*. *In a consumer study with 106 people between 20-50."", ""Description"": ""A green-to-beige cica cream that instantly neutralizes redness and evens skin tone for a healthy, natural look. It protects skin from the sun with mineral SPF (recommended sunscreen for sensitive skin)."", ""Suggested use"": ""Warm between hands then gently press and blend into skin. The cream will change from green to beige as you blend.""}","Travel Size, Redness relief",4.2,"{""ASIN"": ""B07GTMPYSG"", ""Manufacturer"": ""Dr.Jart+"", ""Country of Origin"": ""Canada"", ""Item model number"": ""H59Y011000"", ""Product Dimensions"": ""2.76 x 1.57 x 2.05 inches; 3.03 ounces"", ""Is Discontinued By Manufacturer"": ""No""}","#2,574 in Beauty & Personal Care (See Top 100 in Beauty & Personal Care)
#104 in Face Moisturizers"
B081SRDRD7,"Dr.Jart+ Cryo Rubber Brightening Face Mask | Korean Skin Care, 1 Pack",6,Skin Care Products,Dr.Jart+,16.0,"77","{""Benefits"": ""Clinical results after 1 use: Reduced skin’s temperature by 11°F.* *Clinical testing on 20 women aged 20-60 using the product one time."", ""Description"": ""A two-step face mask inspired by Cryotherapy that boosts glow and cools skin. Includes a highly concentrated ampoule with Niacinamide and Vitamin C and a soft, flexible skin-cooling mask."", ""Suggested use"": ""Open ampoule and smooth serum over skin. Apply face mask components. Leave on for 30-40 minutes.""}","Hydrating, Cooling, Moisturizing, Brightening, Depuffing",4.6,"{""ASIN"": ""B081SRDRD7"", ""Manufacturer"": ""Dr.Jart+"", ""Country of Origin"": ""Korea, Republic of"", ""Item model number"": ""H5A6010000"", ""Product Dimensions"": ""7.28 x 6.5 x 0.01 inches; 3.49 ounces""}","#22,907 in Beauty & Personal Care (See Top 100 in Beauty & Personal Care)
#250 in Facial Masks"
B081SRSNWW,"Dr.Jart+ Cryo Rubber Face Mask with Moisturizing Hyaluronic Acid | Korean Skin Care, 1 Pack",2,Skin Care Products,Dr.Jart+,16.0,"373","{""Benefits"": ""Clinical results after 1 use: Reduced skin’s temperature by 11°F.* *Clinical testing on 20 women aged 20-60 using the product one time."", ""Description"": ""A two-step face mask inspired by Cryotherapy that moisturizes with Hyaluronic Acid and cools skin. It includes a highly concentrated ampoule with Hyaluronic Acid and a soft, flexible, skin-cooling mask."", ""Suggested use"": ""Open ampoule and smooth serum over skin. Gently apply face rubber mask. Sit and leave on for 30-40 minutes.""}",No special feature,4.3,"{""UPC"": ""889810253826"", ""ASIN"": ""B081SRSNWW"", ""Manufacturer"": ""Dr.Jart+"", ""Country of Origin"": ""Korea, Republic of"", ""Item model number"": ""H5A8010000"", ""Product Dimensions"": ""7.28 x 6.5 x 0.01 inches; 3.49 ounces""}","#10,790 in Beauty & Personal Care (See Top 100 in Beauty & Personal Care)
#116 in Facial Masks"
B084Z4W4PK,"Dr.Jart+ Dermask Micro Jet Brightening Solution Face Mask | Sheet Mask | Korean Skin Care, 1 Pack",27,Skin Care Products,Dr.Jart+,10.0,"37","{""Benefits"": ""Delivers a cooling sensation. Revitalizes tired looking skin with an energizing boost in minutes. Dermatologist tested."", ""Description"": ""After one use, skin looks brighter with a healthy, fresh, vibrant glow."", ""Suggested use"": ""Remove the mask from skin after 10 to 20 minutes. Massage remaining formula into skin.""}",No special feature,4.1,"{""ASIN"": ""B084Z4W4PK"", ""Manufacturer"": ""Dr.Jart+"", ""Country of Origin"": ""Korea, Republic of"", ""Item model number"": ""H5AR010000"", ""Product Dimensions"": ""4.72 x 7.87 x 0.01 inches; 1.41 ounces""}","#72,212 in Beauty & Personal Care (See Top 100 in Beauty & Personal Care)
#958 in Facial Masks"
B0851XHHLF,"Dr.Jart+ Dermask Intra Jet Wrinkless Solution Face Mask with Glycerin | Sheet Mask | Korean Skin Care, 1 Pack",23,Skin Care Products,Dr.Jart+,10.0,"40","{""Benefits"": ""This fast-acting face mask hydrates skin to smooth out dry lines and reveal a fresh-faced complexion in minutes."", ""Description"": ""A face mask with Glycerin that instantly helps reduce the appearance of dry lines with moisture for younger looking skin. Dermatologist tested."", ""Suggested use"": ""Remove the mask from skin after 20 to 40 minutes. Massage remaining formula into skin.""}",No special feature,4.4,"{""ASIN"": ""B0851XHHLF"", ""Language"": ""English"", ""Manufacturer"": ""Dr.Jart+"", ""Country of Origin"": ""Korea, Republic of"", ""Item model number"": ""H5AM010000"", ""Product Dimensions"": ""5.51 x 7.87 x 0.01 inches; 1.41 ounces""}","#57,013 in Beauty & Personal Care (See Top 100 in Beauty & Personal Care)
#732 in Facial Masks"
B0851XQ4C3,"Dr.Jart+ Cryo Rubber Firming Face Mask | Korean Skin Care, 1 Pack",4,Skin Care Products,Dr.Jart+,16.0,"99","{""Benefits"": ""Clinical results after 1 use: Reduced skin’s temperature by 11°F.* *Clinical testing on 20 women aged 20-60 using the product one time."", ""Description"": ""A two-step face mask inspired by Cryotherapy that cools and plumps skin with moisture to reduce the look of dry lines. Includes a highly concentrated ampoule with Glycerin and a soft, flexible skin-cooling mask."", ""Suggested use"": ""Open ampoule and smooth serum over skin. Apply face mask components. Leave on for 30-40 minutes.""}","Hydrating, Cooling, Anti-Wrinkle, Firming",4.2,"{""ASIN"": ""B0851XQ4C3"", ""Manufacturer"": ""Dr.Jart+"", ""Country of Origin"": ""Korea, Republic of"", ""Item model number"": ""H5A5010000"", ""Product Dimensions"": ""7.28 x 6.5 x 0.01 inches; 3.49 ounces""}","#15,510 in Beauty & Personal Care (See Top 100 in Beauty & Personal Care)
#167 in Facial Masks"
B0851XTP55,"Dr.Jart+ Cryo Rubber Soothing Face Mask | Korean Skin Care, 1 Pack",12,Skin Care Products,Dr.Jart+,16.0,"63","{""Benefits"": ""Clinical results after 1 use: Reduced skin’s temperature by 11°F.* *Clinical testing on 20 women aged 20-60 using the product one time."", ""Description"": ""A two-step face mask inspired by Cryotherapy that cools and soothes skin with moisture to reduce the look of redness. It includes a highly concentrated ampoule with Allantoin and a soft, flexible, skin-cooling face mask."", ""Suggested use"": ""Open ampoule and smooth serum over skin. Gently apply face rubber mask. Sit and leave on for 30-40 minutes.""}",No special feature,4.3,"{""UPC"": ""759430482190"", ""ASIN"": ""B0851XTP55"", ""Manufacturer"": ""Dr.Jart+"", ""Country of Origin"": ""Korea, Republic of"", ""Item model number"": ""H5A7010000"", ""Product Dimensions"": ""7.28 x 6.5 x 0.01 inches; 1.41 ounces""}","#34,957 in Beauty & Personal Care (See Top 100 in Beauty & Personal Care)
#418 in Facial Masks"
B086Q1N8KL,"Dr.Jart+ Dermask Micro Jet Clearing Solution Face Mask | Sheet Mask | Calms, balances & revitalizes skin | Korean Skin Care, 1 Pack",21,Skin Care Products,Dr.Jart+,10.0,"38","{""Benefits"": ""A sheet mask that immediately soothes the skin for a visibly calmer complexion. Dermatologist tested."", ""Description"": ""This fast-acting, at-home face mask delivers an immediate cooling sensation to skin. It leaves skin looking calm, balanced, and soothes skin until it feels serene and revitalized."", ""Suggested use"": ""Leave mask on skin for 15 to 20 minutes. Massage remaining formula into skin.""}",No special feature,4.3,"{""ASIN"": ""B086Q1N8KL"", ""Manufacturer"": ""Dr.Jart+"", ""Country of Origin"": ""Korea, Republic of"", ""Item model number"": ""H5AP010000"", ""Product Dimensions"": ""4.72 x 7.87 x 0.01 inches; 1.06 ounces""}","#44,437 in Beauty & Personal Care (See Top 100 in Beauty & Personal Care)
#552 in Facial Masks"
B08H5WHLX2,"Dr.Jart+ Teatreement Cleansing Foam Face Wash for Oily Skin | Korean Skin Care, 4.05 Fl Oz",39,Skin Care Products,Dr.Jart+,29.0,"34","{""Benefits"": ""A cleanser with Salicylic Acid and Tea Tree Extract that helps cleanse dirt and debris without washing away moisture."", ""Description"": ""This foamy face wash removes excess oil to help balance pH levels and prep skin for the next step. It’s a gentle everyday cleanser that helps purify oily, acne-prone skin. Dermatologist tested. Scented."", ""Suggested use"": ""Morning and night, wet skin then pump 2-3 drops of cleanser into hands and massage into face. Rinse.""}",No special feature,4.5,"{""ASIN"": ""B08H5WHLX2"", ""Manufacturer"": ""Dr.Jart+"", ""Country of Origin"": ""Korea, Republic of"", ""Item model number"": ""H59M010000"", ""Product Dimensions"": ""1.85 x 5.91 x 1.85 inches; 6 ounces""}","#151,795 in Beauty & Personal Care (See Top 100 in Beauty & Personal Care)
#1,817 in Facial Cleansing Washes"
B08R1CS5FH,"Dr.Jart+ Cicapair Foaming Face Wash Cleanser | Korean Skin Care, 3.38 Fl Oz",17,Skin Care Products,Dr.Jart+,28.0,"56","{""Benefits"": ""This daily face wash cleanser comes out as luscious cream then lathers into a soft, satisfying bubbly foam."", ""Description"": ""A gentle cream-to-foam cleanser with moisturizing Glycerin that removes impurities without drying skin out. Suitable for sensitive skin."", ""Suggested use"": ""Use as your cleanser daily morning and night. If using at night, remove makeup before cleansing.""}",No special feature,4.4,"{""ASIN"": ""B08R1CS5FH"", ""Manufacturer"": ""Dr.Jart+"", ""Country of Origin"": ""Korea, Republic of"", ""Item model number"": ""H84M010000"", ""Product Dimensions"": ""0.45 x 0.35 x 0.31 inches; 4.94 ounces"", ""Is Discontinued By Manufacturer"": ""No""}","#44,459 in Beauty & Personal Care (See Top 100 in Beauty & Personal Care)
#683 in Facial Cleansing Washes"
B09W2C8FPY,"Dr.Jart+ Pore.Remedy PHA Exfoliating Face Serum | Korean Skin Care, 1.01 Fl Oz",46,Skin Care Products,No brand,46.0,"46","{""Benefits"": ""After one week, it reduces dead skin cells, decreases blackheads and controls excess oil."", ""Description"": ""A gentle, water-like serum with 7% PHA clinically proven to help resurface and smooth skin, decongest, and visibly shrink pores without irritation."", ""Suggested use"": ""Dispense 2-3 pumps into hands. Press into skin. Use morning and night. Follow sunscreen during the day.""}",No special feature,4.1,"{""ASIN"": ""B09W2C8FPY"", ""Manufacturer"": ""Dr.Jart+"", ""Country of Origin"": ""Korea, Republic of"", ""Item model number"": ""H5HR010000"", ""Product Dimensions"": ""1.46 x 4.76 x 1.46 inches; 5.29 ounces""}","#279,072 in Beauty & Personal Care (See Top 100 in Beauty & Personal Care)
#5,147 in Facial Serums"
B09W2CM7JL,"Dr.Jart+ Pore.Remedy™ Purifying Mud Face Mask | Sheet Mask | Korean Skin Care, 1 Pack",30,Skin Care Products,Dr.Jart+,10.0,"40","{""Benefits"": ""This pore-clearing sheet mask exfoliates and is specially designed to adhere to problem areas and peel off leaving no mess, just cleaner, smoother healthier-looking skin."", ""Description"": ""A mess-less green mud-coated sheet mask that removes buildup, excess oil and smooths skin with one use and without dehydrating skin."", ""Suggested use"": ""Remove white film. Keep clear film on. Place mask on face adjust for fit. Remove clear film. Wear for 15-20 minutes. Rinse residual mud with water.""}",No special feature,4.1,"{""ASIN"": ""B09W2CM7JL"", ""Manufacturer"": ""Dr.Jart+"", ""Country of Origin"": ""Korea, Republic of"", ""Item model number"": ""H5HL010000"", ""Product Dimensions"": ""5.51 x 7.09 x 0.08 inches; 0.85 ounces""}","#65,694 in Beauty & Personal Care (See Top 100 in Beauty & Personal Care)
#865 in Facial Masks"
B0B2P8HZ48,"Dr.Jart+ Vital Hydra Solution Hydro Plump Overnight Face Mask with Hyaluronic Acid | Korean Skin Care, 2.53 Fl Oz",22,Skin Care Products,Dr.Jart+,35.0,"31","{""Benefits"": ""Clinically shown to: Keep skin hydrated overnight and help rebuild skin’s barrier overnight."", ""Description"": ""A leave-on, water gel overnight face mask powered by Hyaluronic Acid. This mask floods skin with all-night hydration and helps restore skin’s barrier. It leaves skin smooth and plump with an instant glow. Dermatologist-tested, sensitive skin friendly."", ""Suggested use"": ""At night, apply the night mask in a thin, even layer. In the morning, rinse off the mask.""}",No special feature,4.4,"{""ASIN"": ""B0B2P8HZ48"", ""Manufacturer"": ""Dr.Jart+"", ""Country of Origin"": ""Korea, Republic of"", ""Item model number"": ""H7XR010000"", ""Product Dimensions"": ""2.52 x 2.52 x 2.48 inches; 6.35 ounces""}","#50,052 in Beauty & Personal Care (See Top 100 in Beauty & Personal Care)
#628 in Facial Masks"
B0B38YLVVH,"Dr.Jart+ Cicapair Sleepair Intensive Repair Night Face Mask | Skin Barrier Repair | Korean Skin Care, 2.53 Fl Oz",7,Skin Care Products,Dr.Jart+,45.0,"42","{""Benefits"": ""While you sleep, it hydrates skin and boosts barrier repair for more resilient skin. This night mask leaves skin glowing with hydration by morning"", ""Description"": ""A leave-on, night mask that instantly smooths, reduces visible redness and repairs the skin barrier. Dermatologist tested. Suitable for sensitive skin."", ""Suggested use"": ""As the last step of your night routine, apply an even layer of the night mask. Leave on overnight, rinse off in morning.""}",No special feature,4.5,"{""ASIN"": ""B0B38YLVVH"", ""Manufacturer"": ""Dr.Jart+"", ""Country of Origin"": ""Korea, Republic of"", ""Item model number"": ""H7NE010000"", ""Product Dimensions"": ""2.48 x 2.48 x 2.46 inches; 6.74 ounces""}","#73,235 in Beauty & Personal Care (See Top 100 in Beauty & Personal Care)
#970 in Facial Masks"
B0B3VNLQNZ,Dr.Jart+ Dermask Porecting Solution Face Mask for Reducing Oil and Pore Tightening | Bubbling Charcoal Korean Face Mask | Korean Skin Care,42,Skin Care Products,Dr.Jart+,37.0,"23","{""Benefits"": ""A no-rinse, bubbling charcoal face mask that reduces oil, hydrates, and tightens visible pores to leave skin matte."", ""Description"": ""A no-rinse, bubbling charcoal face mask that instantly reduces oil, hydrates, and tightens visible pores to leave skin matte."", ""Suggested use"": ""It removes excess sebum leaving skin feeling clean, fresh, and smooth after one use.""}","Non-Comedeogenic, Anti-Blemish, Oil Control, Cleansing",3.9,"{""ASIN"": ""B0B3VNLQNZ"", ""Manufacturer"": ""Dr.Jart+"", ""Country of Origin"": ""Korea, Republic of"", ""Product Dimensions"": ""0.5 x 0.4 x 0.29 inches; 7.37 ounces""}","#164,090 in Beauty & Personal Care (See Top 100 in Beauty & Personal Care)
#2,285 in Facial Masks"
B0B4DMYP41,"Dr.Jart+ Ceramidin Cream-Infused Face Mask for Dry Skin with Ceramides and Panthenol | Sheet Mask | Korean Skin Care, 1 Pack",20,Skin Care Products,Dr.Jart+,16.0,"38","{""Benefits"": ""This face mask for very dry skin brings dry, dull flaky skin back to life."", ""Description"": ""A face mask that lets you multi-task. This adhesive face mask for very dry skin coated in a rich cream with Ceramide NP delivers 24 hours of moisture and boosts skin’s barrier strength by 31%.*"", ""Suggested use"": ""Peel off the film from the mask. Wear for 20 minutes, remove the face mask, and massage the remaining cream into skin.""}","Strengthening, Hydrating, Moisturizing, Softening",4.4,"{""ASIN"": ""B0B4DMYP41"", ""Manufacturer"": ""Dr.Jart+"", ""Country of Origin"": ""Korea, Republic of"", ""Item model number"": ""H72E010000"", ""Product Dimensions"": ""0.24 x 6.38 x 7.32 inches; 2.12 ounces""}","#47,915 in Beauty & Personal Care (See Top 100 in Beauty & Personal Care)
#600 in Facial Masks"
B0CBSZN38W,"Dr.Jart+ Teatreement Face Moisturizer for Oily Skin with Niacinamide and Glycerin | Korean Skin Care, 1.69 Fl Oz",34,Skin Care Products,Dr.Jart+,35.0,"34","{""Benefits"": ""Clinical Results: Reduced sebum levels by 18%* *Clinical testing on 20 people after using product for 4 weeks."", ""Description"": ""A gel face cream that delivers moisture without adding worrisome oil to oily skin, combination skin or blemish-prone skin. Dermatologist tested. Scented."", ""Suggested use"": ""Squeeze a dime-size amount of moisturizer into hands and gently massage into skin. Use morning and night.""}",Lightweight,4.7,"{""ASIN"": ""B0CBSZN38W"", ""Manufacturer"": ""Dr.Jart+"", ""Country of Origin"": ""Korea, Republic of"", ""Item model number"": ""H59L010000"", ""Product Dimensions"": ""1.57 x 5.71 x 1.26 inches; 2.47 ounces""}","#105,262 in Beauty & Personal Care (See Top 100 in Beauty & Personal Care)
#2,471 in Face Moisturizers"
B0CBSZVRYX,"Dr.Jart+ Every Sun Day Sun Fluid Sunscreen SPF 50+ for Face | Korean Skin Care, 3.38 Fl Oz",36,Skin Care Products,No brand,44.0,"39","{""Benefits"": ""Fluid formula with SPF glides on like a dream and leaves no white cast behind, just a hydrated, healthy-looking finish."", ""Description"": ""A light liquid sunscreen for face that absorbs into skin for a radiant finish and high SPF protection."", ""Suggested use"": ""Massage a dime-size amount over face and neck (the back of hands, too!) at least 20 minutes before sun exposure.""}",No special feature,4.5,"{""ASIN"": ""B0CBSZVRYX"", ""Manufacturer"": ""Dr.Jart+"", ""Country of Origin"": ""Canada"", ""Item model number"": ""H5AX011000"", ""Product Dimensions"": ""1.81 x 4.9 x 1.38 inches; 4.41 ounces""}","#124,420 in Beauty & Personal Care (See Top 100 in Beauty & Personal Care)
#545 in Facial Sunscreens
#13,704 in Facial Skin Care Products"
B0CBSZW485,"Dr.Jart+ Every Sun Day Mineral Sunscreen SPF 50+ for Face | Korean Skin Care, 1.69 Fl Oz",26,Skin Care Products,No brand,40.0,"38","{""Benefits"": ""This everyday sunscreen protects skin from sun damage and leaves a lightweight, shine-free finish."", ""Description"": ""A matte finish, physical sunscreen that’s weightless and good for all skin types including sensitive skin."", ""Suggested use"": ""Massage a dime-size amount over face and neck (the back of hands, too!) at least 20 minutes before sun exposure.""}",No special feature,4.4,"{""ASIN"": ""B0CBSZW485"", ""Manufacturer"": ""Dr.Jart+"", ""Country of Origin"": ""Canada"", ""Item model number"": ""H5AW011000"", ""Product Dimensions"": ""1.91 x 5.12 x 1.26 inches; 3.03 ounces""}","#55,450 in Beauty & Personal Care (See Top 100 in Beauty & Personal Care)
#280 in Facial Sunscreens
#6,580 in Facial Skin Care Products"
B0CBT2XTBZ,"Dr.Jart+ Teatreement Face Toner for Oily Skin | Korean Skin Care, 4.05 Fl Oz",43,Skin Care Products,Dr.Jart+,30.0,"35","{""Benefits"": ""A purifying toner that clears the way to better skin by removing excess oil without disturbing the moisture barrier."", ""Description"": ""This scented watery tea tree toner helps skin maintain a healthy balance of moisture and oil. The gentle formula quickly absorbs into skin and leaves it feeling smooth, fresh, hydrated and ready for the next step in your regimen. Dermatologist tested."", ""Suggested use"": ""After cleansing, soak a cotton pad with toner and sweep along skin. Use morning and night.""}",No special feature,4.2,"{""ASIN"": ""B0CBT2XTBZ"", ""Manufacturer"": ""Dr.Jart+"", ""Country of Origin"": ""Korea, Republic of"", ""Item model number"": ""H59K010000"", ""Product Dimensions"": ""1.85 x 4.88 x 1.85 inches; 6.03 ounces""}","#234,148 in Beauty & Personal Care (See Top 100 in Beauty & Personal Care)
#1,235 in Facial Toners & Astringents"
B0CFDQFLMT,"Dr.Jart+ Cicapair Tiger Grass Camo Drops Tinted Face Serum SPF 35 | Color Corrector | Korean Skin Care, 1.01 Fl Oz",3,Makeup,No brand,49.0,"81","{""Benefits"": ""This green-to-beige formula adapts to skin’s natural color and corrects redness on contact for a light finish that’s dewy perfection."", ""Description"": ""An ultra-lightweight color corrector with a serum-like texture that instantly neutralizes redness and ignites skin's glow."", ""Suggested use"": ""Shake well. Apply 2-3 drops in hands or directly to face. Blend and press into skin.""}",No special feature,4.6,"{""ASIN"": ""B0CFDQFLMT"", ""Manufacturer"": ""Dr.Jart+"", ""Country of Origin"": ""Canada"", ""Item model number"": ""H5A0011000"", ""Product Dimensions"": ""2.2 x 3.78 x 1.46 inches; 1 ounces""}","#26,329 in Beauty & Personal Care (See Top 100 in Beauty & Personal Care)
#89 in Facial Scrubs
#115 in Concealers & Neutralizing Makeup"
B0CJ7RLRLS,"Dr.Jart+ Pore.Remedy Renewing Foaming Face Wash Cleanser with Glycerin | Korean Skin Care, 5.07 Fl Oz",32,Skin Care Products,Dr.Jart+,28.0,"40","{""Benefits"": ""Instantly removes dead skin cells, excess oils, sunscreens, makeup, yellow sands, fine dust, and water-proof products."", ""Description"": ""An Amino-based cleanser with Glycerin that instantly washes away 7 types of debris without leaving skin feeling dry, tight, or stripped. This fragrance-free, jelly cleanser with mint capsules lathers into a multi-layer foam that creates a cushion as it cleanses. Fit for all skin types."", ""Suggested use"": ""Squeeze into hands. Work into a bubbly foam. Gently massage into skin, then rinse.""}",No special feature,4.5,"{""ASIN"": ""B0CJ7RLRLS"", ""Manufacturer"": ""Dr.Jart+"", ""Country of Origin"": ""Korea, Republic of"", ""Item model number"": ""B41N010000"", ""Product Dimensions"": ""1.89 x 2.36 x 6.54 inches; 0.71 ounces""}","#102,760 in Beauty & Personal Care (See Top 100 in Beauty & Personal Care)
#1,320 in Facial Cleansing Washes"
B0D27V6J78,"Dr.Jart+ Ceramidin Jelly Lip Balm with Ceramides | Korean Skin Care, 0.23 Fl Oz",11,Skin Care Products,Dr.Jart+,16.0,"58","{""Benefits"": ""This jelly-like balm delivers skincare to lips. It conditions dry, tight skin with a moisturizing layer and primes skin for lipstick or gloss."", ""Description"": ""A daily lip balm with Ceramide NP that quickly softens and relieves dry lips with comforting moisture. Dermatologist tested."", ""Suggested use"": ""Use this daily lip balm to quickly relieve dry lips with comforting moisture. Apply to lips as often as needed.""}",No special feature,4.5,"{""ASIN"": ""B0D27V6J78"", ""Manufacturer"": ""Dr.Jart+"", ""Country of Origin"": ""Korea, Republic of"", ""Item model number"": ""H0PU010000"", ""Product Dimensions"": ""1.61 x 1.02 x 3.43 inches; 0.53 ounces""}","#27,690 in Beauty & Personal Care (See Top 100 in Beauty & Personal Care)
#467 in Lip Balms & Moisturizers"
B0D2BKLRBM,"Dr.Jart+ Ceramidin Skin Barrier Face Serum Toner with Ceramides | Korean Skin Care, 5.07 Fl Oz",13,Skin Care Products,Dr.Jart+,39.0,"44","{""Benefits"": ""This rich liquid moisturizer combines your serum and toner step for one potent skip-care essential."", ""Description"": ""A serum-like toner with Ceramide NP and Panthenol that strengthens the skin barrier, moisturizes, softens, tones, and preps skin for the next step. Good for everyone; especially dry skin."", ""Suggested use"": ""After cleansing, apply a generous amount of Ceramidin Serum Toner on entire face using hands or a cotton pad.""}",No special feature,4.8,"{""ASIN"": ""B0D2BKLRBM"", ""Manufacturer"": ""Dr.Jart+"", ""Country of Origin"": ""Korea, Republic of"", ""Item model number"": ""H6ML010000"", ""Product Dimensions"": ""1.81 x 1.81 x 5.67 inches; 7.76 ounces""}","#31,296 in Beauty & Personal Care (See Top 100 in Beauty & Personal Care)
#671 in Facial Serums"
B0D2D19357,Dr.Jart+ Dermask Vital Hydra Solution Glow Face Mask with Hyaluronic Acid | Sheet Mask | Korean Skin Care,9,Skin Care Products,Dr.Jart+,10.0,"74","{""Benefits"": ""New and improved for instant visible results. One use delivers all-day hydration, relieves dry skin, and improves visible fine, dry lines."", ""Description"": ""The new upgraded version of Dr.Jart+’s bestselling mask is more powerful than ever. This intensive water gel face mask improves the look of fine lines, plumps skin and leaves it with a youthful-looking glow. Suitable to use on sensitive skin and after laser skin treatments.**"", ""Suggested use"": ""Remove the mask from skin after 15 to 20 minutes. Massage remaining formula into skin until it is fully absorbed to reduce the feeling of stickiness. Follow with a moisturizer.""}",No special feature,3.9,"{""ASIN"": ""B0D2D19357"", ""Manufacturer"": ""Dr.Jart+"", ""Country of Origin"": ""Korea, Republic of"", ""Item model number"": ""H75L010000"", ""Product Dimensions"": ""0.5 x 0.4 x 0.29 inches; 1.2 ounces""}","#18,120 in Beauty & Personal Care (See Top 100 in Beauty & Personal Care)
#196 in Facial Masks"
B0D2D1VPD4,"Dr.Jart+ Cicapair™ Sensitive Skin Serum Face Mask for Redness | Sheet Mask | Korean Skin Care, 1 Pack",14,Skin Care Products,Dr.Jart+,10.0,"41","{""Benefits"": ""The mask tightly wraps the skin to deliver cooling hydration, soothe and help repair the barrier for skin strength."", ""Description"": ""A cellulose face mask infused with serum that immediately soothes skin to reduce visible redness and leaves skin looking calm and hydrated. Suitable for sensitive skin."", ""Suggested use"": ""Remove the mask from skin after 15 to 20 minutes. Massage remaining formula into skin.""}",No special feature,4.3,"{""ASIN"": ""B0D2D1VPD4"", ""Manufacturer"": ""Dr.Jart+"", ""Country of Origin"": ""Korea, Republic of"", ""Item model number"": ""H7W0010000"", ""Product Dimensions"": ""4.72 x 0.04 x 7.87 inches; 1.06 ounces""}","#30,251 in Beauty & Personal Care (See Top 100 in Beauty & Personal Care)
#347 in Facial Masks"
B0D2D4WDGS,"Dr.Jart+ Dermask™ Soothing Hydra Solution™ Face Mask for Visibly Irritated Skin | Sheet Mask | Korean Skin Care, 1 Pack",16,Skin Care Products,Dr.Jart+,10.0,"49","{""Benefits"": ""Suitable for all skin types, including sensitive, oily and combination skin. Dermatologist tested."", ""Description"": ""This intensive gel sheet mask, with Allantoin and Panthenol, delivers immediate relief for stressed, irritated-looking skin. It leaves your complexion looking calm, healthy, and rejuvenated by hydrating, strengthening the barrier and balancing skin."", ""Suggested use"": ""Remove the mask from skin after 15 to 20 minutes. Massage remaining formula into skin.""}",No special feature,4.6,"{""ASIN"": ""B0D2D4WDGS"", ""Manufacturer"": ""Dr.Jart+"", ""Country of Origin"": ""Korea, Republic of"", ""Item model number"": ""H75M010000"", ""Product Dimensions"": ""0.18 x 0.17 x 0.11 inches; 1.13 ounces""}","#43,390 in Beauty & Personal Care (See Top 100 in Beauty & Personal Care)
#534 in Facial Masks"
B0D2G6YJ79,"Dr.Jart+ Cicapair So Soothing Face Treatment for Visibly Irritated Skin | Skin Barrier Repair | Korean Skin Care, 1.01 Fl Oz",44,Skin Care Products,Dr.Jart+,48.0,"30","{""Benefits"": ""This gel cream brings skin back from the brink by soothing, smoothing, hydrating, and repairing skin’s barrier."", ""Description"": ""An SOS treatment suitable to use on sensitive skin and after laser skincare or acid peel treatments*. *Shown to be safe for use following Glycolic Acid Peel treatment or Intense Pulsed Light (IPL) treatment in 2 week clinical usage tests."", ""Suggested use"": ""Apply twice a day where needed. Suitable to use on sensitive skin.""}",Gluten free,4.5,"{""ASIN"": ""B0D2G6YJ79"", ""Manufacturer"": ""Dr.Jart+"", ""Country of Origin"": ""Korea, Republic of"", ""Item model number"": ""H6PA010000"", ""Product Dimensions"": ""1.56 x 1.16 x 5.83 inches; 1.94 ounces""}","#260,145 in Beauty & Personal Care (See Top 100 in Beauty & Personal Care)
#623 in Facial Peels"
B0D2GG3M5V,"Dr.Jart+ Cicapair™ Sensitive Skin Face Moisturizer for Redness and Barrier Repair | Korean Skin Care, 1.69 Fl Oz",8,Skin Care Products,Dr.Jart+,52.0,"57","{""Benefits"": ""Non-sticky, non-greasy moisturizer works on contact to comfort skin, reduce redness and leave it visibly calm and healthy."", ""Description"": ""A soothing moisturizer for sensitive skin that reduces visible redness and rapidly repairs skin’s barrier. Suitable to use after a cosmetic procedure.* Formulated with an advanced Cica Complex. * Shown to be safe for use following Intense Pulsed Light (IPL) treatment in 2 week clinical usage test."", ""Suggested use"": ""Apply an even layer of moisturizer, paying special attention to massage into extra dry or red areas of the face. For hydration, use Cicapair(TM) Serum before.""}",No special feature,4.3,"{""ASIN"": ""B0D2GG3M5V"", ""Manufacturer"": ""Dr.Jart+"", ""Country of Origin"": ""Korea, Republic of"", ""Item model number"": ""H7N6010000"", ""Product Dimensions"": ""1.69 x 1.14 x 5.63 inches; 2.47 ounces""}","#22,891 in Beauty & Personal Care (See Top 100 in Beauty & Personal Care)
#611 in Face Moisturizers"
B0D2GPJF6H,"Dr.Jart+ Cicapair Sensitive Skin Face Serum for Redness and Barrier Repair | Korean Skin Care, 1.01 Fl Oz",24,Skin Care Products,No brand,54.0,"43","{""Benefits"": ""This lightweight, fast-absorbing face serum gently penetrates skin to instantly soothe visible redness and boost skin’s barrier repair in one hour."", ""Description"": ""A potent face serum with Centella Asiatica Extracts and Allantoin that helps keep skin stable and healthy looking by rapidly boosting skin’s barrier repair. Suitable for sensitive skin."", ""Suggested use"": ""After cleansing, apply an even layer of face serum to skin and gently press into skin until fully absorbed.""}",No special feature,4.2,"{""ASIN"": ""B0D2GPJF6H"", ""Manufacturer"": ""Dr.Jart+"", ""Country of Origin"": ""Korea, Republic of"", ""Item model number"": ""H7NC010000"", ""Product Dimensions"": ""1.32 x 1.32 x 3.78 inches; 2.82 ounces""}","#49,318 in Beauty & Personal Care (See Top 100 in Beauty & Personal Care)
#1,011 in Facial Serums"
B0D2GTYHT3,"Dr.Jart+ Vital Hydra Solution Hydro Plump Treatment Essence with Hyaluronic Acid | Korean Skin Care, 5.07 Fl Oz",37,Skin Care Products,Dr.Jart+,34.0,"31","{""Benefits"": ""This formula with Hyaluronic Acid instantly transforms skin leaving it plump, glowing, soft, and smooth. Suitable for sensitive skin."", ""Description"": ""A liquid essence that floods skin with all-day hydration and preps it for the skincare steps to follow. Dermatologist tested."", ""Suggested use"": ""Apply an even layer to clean skin twice a day with hands or cotton pad. Gently pat into skin until fully absorbed.""}",No special feature,4.1,"{""ASIN"": ""B0D2GTYHT3"", ""Manufacturer"": ""Dr.Jart+"", ""Country of Origin"": ""Korea, Republic of"", ""Item model number"": ""H7XN010000"", ""Product Dimensions"": ""0.5 x 0.4 x 0.29 inches; 7.83 ounces"", ""Is Discontinued By Manufacturer"": ""No""}","#90,849 in Beauty & Personal Care (See Top 100 in Beauty & Personal Care)
#1,819 in Facial Serums"
B0D2GVM3JX,"Dr.Jart+ Vital Hydra Solution Water Cream Glow Hydrating Face Moisturizer with Hyaluronic Acid | Korean Skin Care, 1.69 Fl Oz",19,Skin Care Products,Dr.Jart+,38.0,"56","{""Benefits"": ""Instantly floods skin with glow-giving hydration and helps rebuild skin’s barrier. It gives skin a smooth, glowing base. Suitable for sensitive skin."", ""Description"": ""A lightweight gel cream moisturizer with Hyaluronic Acid that instantly hydrates, plumps, and gives skin that jelly glass glow. Dermatologist tested."", ""Suggested use"": ""Apply an even layer to clean skin morning and night. Gently pat into skin until fully absorbed.""}",Lightweight,4.3,"{""ASIN"": ""B0D2GVM3JX"", ""Manufacturer"": ""Dr.Jart+"", ""Country of Origin"": ""Korea, Republic of"", ""Item model number"": ""H7XP010000"", ""Product Dimensions"": ""2.76 x 2.76 x 2.32 inches; 7.83 ounces""}","#43,092 in Beauty & Personal Care (See Top 100 in Beauty & Personal Care)
#1,104 in Face Moisturizers"
B0D2GYZSB6,Dr.Jart+ Ceramidin™ Skin Barrier Moisturizer Face Cream For Dry Skin with Ceramides and Panthenol | Korean Skin Care,5,Skin Care Products,Dr.Jart+,20.0,"2050","{""Benefits"": ""100 hours of moisture after one use. After 4 weeks, clinically shown to strengthen skin’s barrier*."", ""Description"": ""A fast-absorbing, cushiony moisturizing cream with 5 Ceramides plus Panthenol that strengthens the skin barrier, moisturizes and boosts elasticity."", ""Suggested use"": ""After cleansing and toning, apply an even layer of moisturizer to your face morning and night. Avoid eye area.""}","Hydrating, Travel Size, Moisturizing, Plumping, Softening",4.6,"{""ASIN"": ""B0D2GYZSB6"", ""Manufacturer"": ""Dr.Jart+"", ""Country of Origin"": ""Korea, Republic of"", ""Item model number"": ""H7T9010000"", ""Product Dimensions"": ""0.07 x 0.14 x 0.04 inches; 0.71 ounces""}","#7,641 in Beauty & Personal Care (See Top 100 in Beauty & Personal Care)
#235 in Face Moisturizers"
B0D2H21MQP,"Dr.Jart+ Brightamin Brightening Serum For Visible Fine Lines with Vitamin C and Niacinamide | Korean Skin Care, 0.27 Fl Oz",41,Skin Care Products,Dr.Jart+,37.0,"28","{""Benefits"": ""A powerful brightening treatment that reduces visible dark spots, fine lines and evens skin tone."", ""Description"": ""A 7-day skin brightening treatment that’s suitable for sensitive skin. This face serum helps fade visible dark spots and fine lines. Formulated with Vitamin C and Niacinamide, freeze-dried for fresh use."", ""Suggested use"": ""Drop vitamin ball into the serum. Shake bottle until dissolved. Massage serum into skin morning and night.""}",No special feature,3.9,"{""ASIN"": ""B0D2H21MQP"", ""Manufacturer"": ""Dr.Jart+"", ""Country of Origin"": ""Korea, Republic of"", ""Item model number"": ""H32Z01R000"", ""Product Dimensions"": ""5.31 x 2.56 x 7.09 inches; 0.35 ounces""}","#155,494 in Beauty & Personal Care (See Top 100 in Beauty & Personal Care)
#3,004 in Facial Serums"
B0D2H32XY7,"Dr.Jart+ Cicapair Redness Rescue Korean Skin Care Set, Travel Size Value Gift Set with Cicapair Color Correcting Cream, Face Wash, Cream Moisturizer, and Face Mask",15,Skin Care Products,Dr.Jart+,42.0,"45","{""Benefits"": ""A 4-step Cicapair set including the bestselling color corrector, foaming face wash, face mask, and moisturizer."", ""Description"": ""This Korean skin care Cicapair regimen is suitable for sensitive skin to cleanse, soothe, repair the skin's barrier, and reduce visible redness. A $55 value, including the fan favorite color corrector."", ""Suggested use"": ""Cleanse daily. Follow with mask, then moisturizer. Gently press and blend color corrector into skin.""}",No special feature,4.4,"{""ASIN"": ""B0D2H32XY7"", ""Manufacturer"": ""Dr.Jart+"", ""Country of Origin"": ""Canada"", ""Item model number"": ""H0DU011000"", ""Product Dimensions"": ""3.86 x 1.81 x 5.94 inches; 7.27 ounces""}","#52,304 in Beauty & Personal Care (See Top 100 in Beauty & Personal Care)
#132 in Skin Care Sets & Kits"
B0D2H49985,"Dr.Jart+ Cicapair Intensive Soothing Repair Treatment Liquid Face Lotion to Reduce Redness | Hydrating Toner | Korean Skin Care, 5.07 Fl Oz",29,Skin Care Products,Dr.Jart+,35.0,"42","{""Benefits"": ""Balances hydration levels and keeps skin visibly calm, glowing and healthy. Over time, it repairs the skin barrier for more resilient skin."", ""Description"": ""A lightweight, essence-like lotion that delivers instant soothing hydration and reduces visible redness. Suitable for sensitive skin. Dermatologist tested."", ""Suggested use"": ""Apply an even layer to clean skin morning and night. After applying, let it absorb then apply another layer.""}",No special feature,4.4,"{""ASIN"": ""B0D2H49985"", ""Manufacturer"": ""Dr.Jart+"", ""Country of Origin"": ""Korea, Republic of"", ""Item model number"": ""H7N8010000"", ""Product Dimensions"": ""2.52 x 1.87 x 5.67 inches; 8.47 ounces""}","#70,254 in Beauty & Personal Care (See Top 100 in Beauty & Personal Care)
#1,710 in Face Moisturizers"
B0D2H4H9PG,"Dr.Jart+ Ceramidin Ectoin-Infused Face Cream Moisturizer for Dry Skin | Korean Skin Care, 1.69 Fl Oz",31,Skin Care Products,Dr.Jart+,69.0,"43","{""Benefits"": ""After one use: 139% boost in moisture levels.* *Clinical testing conducted on 21 women, immediately after using product one time."", ""Description"": ""An ultra-rich, highly concentrated face moisturizer with 5 Ceramides and Ectoin that delivers extreme moisture and intensive barrier strengthening to very dry skin. 150 hours of non-stop moisture after one use."", ""Suggested use"": ""Use the spatula to scoop out cream. Warm cream in hands, then apply an even layer to your face. Use morning and night.""}","Hydrating, Moisturizing",4.6,"{""ASIN"": ""B0D2H4H9PG"", ""Manufacturer"": ""Dr.Jart+"", ""Country of Origin"": ""Korea, Republic of"", ""Item model number"": ""H72C010000"", ""Product Dimensions"": ""2.83 x 2.91 x 3.15 inches; 5.64 ounces""}","#82,095 in Beauty & Personal Care (See Top 100 in Beauty & Personal Care)
#1,962 in Face Moisturizers"
B0D2H5BTXS,"Dr.Jart+ Cicapair Cooling Gel Face Moisturizer for Redness and Sensitive Skin | Korean Skin Care, 1.69 Fl Oz",25,Skin Care Products,Dr.Jart+,52.0,"52","{""Benefits"": ""This lightweight, non-sticky formula cools skin with a burst of hydration and leaves it visibly calm and healthy. Over time, it builds skin’s resilience to external aggressors."", ""Description"": ""A soft, cooling gel cream face moisturizer that instantly hydrates, soothes visible redness and rapidly repairs the skin barrier for more resilient skin. Suitable for sensitive skin."", ""Suggested use"": ""Gently pat into skin until fully absorbed to prep skin and reduce visible redness before applying makeup.""}",Lightweight,4.5,"{""ASIN"": ""B0D2H5BTXS"", ""Manufacturer"": ""Dr.Jart+"", ""Country of Origin"": ""Korea, Republic of"", ""Item model number"": ""H7N9010000"", ""Product Dimensions"": ""2.58 x 2.58 x 2.36 inches; 6.88 ounces""}","#54,647 in Beauty & Personal Care (See Top 100 in Beauty & Personal Care)
#1,384 in Face Moisturizers"
B0D2J2M9QS,"Dr.Jart+ Ceramidin™ Skin Barrier Moisturizing Face Mask | Sheet Mask | Korean Skin Care, 1 Pack",10,Skin Care Products,Dr.Jart+,10.0,"56","{""Benefits"": ""A moisturizing sheet mask that replenishes dry skin, relieves tightness, and boosts skin’s barrier."", ""Description"": ""A moisturizing sheet mask with Ceramide NP and Panthenol that replenishes dry skin, relieves tightness, and boosts skin’s barrier for 8 hours. This face mask even helps fine, dry lines appear less visible."", ""Suggested use"": ""Remove the mask from skin after 15 to 20 minutes. Massage remaining formula into skin.""}","Hydrating, Lightweight, Moisturizing",4.5,"{""ASIN"": ""B0D2J2M9QS"", ""Manufacturer"": ""Dr.Jart+"", ""Country of Origin"": ""Korea, Republic of"", ""Item model number"": ""H6MN010000"", ""Product Dimensions"": ""7.64 x 4.65 x 0.08 inches; 0.71 ounces""}","#19,229 in Beauty & Personal Care (See Top 100 in Beauty & Personal Care)
#213 in Facial Masks"
B0D2J9JQRJ,"Dr.Jart+ Ceramidin Moisturizing Hand Cream For Dry Hands with Ceramides and Panthenol | Korean Skin Care, 3.38 Fl Oz",1,"Foot, Hand & Nail Care Products",Dr.Jart+,25.0,"39","{""Benefits"": ""This silky cream contains Ceramide NP and Panthenol, plus 4% Glycerin for intense moisture."", ""Description"": ""A moisture-rich hand cream with Glycerin, Ceramide NP and Panthenol that immediately relieves dry tightness and softens skin. Dermatologist tested."", ""Suggested use"": ""Apply liberally to hands as needed.""}","Hydrating, Moisturizing, Softening",4.7,"{""ASIN"": ""B0D2J9JQRJ"", ""Manufacturer"": ""Dr.Jart+"", ""Country of Origin"": ""Korea, Republic of"", ""Item model number"": ""H0PS010000"", ""Product Dimensions"": ""1.89 x 1.42 x 5.1 inches; 4.23 ounces""}","#41,667 in Beauty & Personal Care (See Top 100 in Beauty & Personal Care)
#219 in Hand Creams & Lotions"
B0D2P6MHY7,"Dr.Jart+ Ceramidin Body Lotion Moisturizer for Dry Skin with Ceramides | Korean Skin Care, 6.76 Fl Oz",35,Skin Care Products,Dr.Jart+,28.0,"28","{""Benefits"": ""This everyday body cream is inspired by our bestselling face moisturizer. Unlike heavier creams, this lightweight body lotion is easily distributed over dry skin so you don’t miss a spot. It quickly sinks into dry skin to leave a non-sticky, smooth finish."", ""Description"": ""A fast-absorbing body moisturizer with Ceramides and Hyaluronic Acids that leaves skin feeling soft and nourished."", ""Suggested use"": ""After showering, squeeze lotion into hands and rub to warm. Gently massage into skin. Reapply as needed.""}",Lightweight,4.6,"{""ASIN"": ""B0D2P6MHY7"", ""Manufacturer"": ""Dr.Jart+"", ""Country of Origin"": ""Korea, Republic of"", ""Item model number"": ""H59W010000"", ""Product Dimensions"": ""2.44 x 6.73 x 2.44 inches; 8.82 ounces""}","#87,747 in Beauty & Personal Care (See Top 100 in Beauty & Personal Care)
#1,374 in Body Lotions"
B0D2P7JSBX,"Dr.Jart+ Ceramidin Under Eye Cream with Ceramides and Niacinamide | Korean Skin Care, 0.5 Fl Oz",3,Skin Care Products,No brand,40.0,"38","{""Benefits"": ""Our signature blend of 5 Ceramides lock in moisture to keep your under-eye area from looking dry, dull and tired."", ""Description"": ""A rich, non-greasy eye cream that moisturizes and visibly smooths the eye area for a brighter, more wide-awake look."", ""Suggested use"": ""Using your ring finger, gently apply from outer corner of the eye going inward. Finish with light tapping to stimulate circulation.""}",No special feature,4.7,"{""ASIN"": ""B0D2P7JSBX"", ""Manufacturer"": ""Dr.Jart+"", ""Country of Origin"": ""Korea, Republic of"", ""Item model number"": ""H5GC011000"", ""Product Dimensions"": ""1.3 x 4.92 x 1.3 inches; 2.47 ounces""}","#60,156 in Beauty & Personal Care (See Top 100 in Beauty & Personal Care)
#359 in Eye Treatment Creams"
B0D3HVQ8Z6,"Dr.Jart+ Pore.Remedy 5% Multi-Acid Radiance Peel Face Exfoliator For Face | Korean Skin Care, 5.07 Fl Oz",45,Skin Care Products,Dr.Jart+,42.0,"28","{""Benefits"": ""It gives skin the benefits of an acid peel – a bright, radiant, youthful looking glow and refined pores – without the appearance of redness or irritating skin."", ""Description"": ""A radiance-revealing liquid peel exfoliator with 5% AHA, BHA plus Hyaluronic Acid that gently dissolves pore-clogging dead cells, exfoliates skin and refines pores."", ""Suggested use"": ""Shake well. Saturate a cotton pad and sweep across clean, dry skin at night 3 times a week. Follow with moisturizer.""}",No special feature,4.5,"{""ASIN"": ""B0D3HVQ8Z6"", ""Manufacturer"": ""Dr.Jart+"", ""Country of Origin"": ""USA"", ""Item model number"": ""H5JL010000"", ""Product Dimensions"": ""4.72 x 1.77 x 1.77 inches; 6 ounces""}","#284,501 in Beauty & Personal Care (See Top 100 in Beauty & Personal Care)
#682 in Facial Peels"
B0D5YY8HWK,Dr.Jart+ Premium BB Tinted Moisturizer with SPF 40 and Niacinamide | bb cream | Korean Skin Care,2,Makeup,No brand,48.0,"162","{""Benefits"": ""It's moisturizer, makeup & sunscreen all-in-one. Shades are flexible, easy, and adapt to a range of skin tones."", ""Description"": ""This all-in-one tinted moisturizer with Niacinamide, Glycerin and SPF 40 hydrates, conceals, and protects. It gives light, buildable coverage with a natural finish."", ""Suggested use"": ""Warm between fingers. Blend into skin. Wait for formula to dry and adapt to your skin tone. Build up as needed.""}",No special feature,4.5,"{""ASIN"": ""B0D5YY8HWK"", ""Manufacturer"": ""Dr.Jart+"", ""Country of Origin"": ""Canada"", ""Product Dimensions"": ""1.42 x 1.57 x 5.98 inches; 3.53 ounces""}","#11,408 in Beauty & Personal Care (See Top 100 in Beauty & Personal Care)
#10 in BB Facial Creams"
B0D6T25CTP,"Dr.Jart+ Prejuvenation Firming Bakuchiol Cream for Preventative Aging | Anti Aging Face Cream | Korean Skin Care, 1.69 Fl Oz",38,Skin Care Products,Dr.Jart+,64.0,"37","{""Benefits"": ""This cream gives you a gentle yet powerful way to stay you(thful). Bakuchiol, delivers retinol-like firming and visible line reducing benefits while being kind to skin."", ""Description"": ""This new-generation moisturizer gives you a gentle yet powerful way to stay you(thful). Its hero ingredient, Bakuchiol, delivers retinol-like firming and visible line reducing benefits while being kind to skin. Use it twice a day— it’s that gentle."", ""Suggested use"": ""Apply to clean skin morning and night. Gentle enough to use twice a day.""}","Anti-aging, Smoothing, Softening, Radiance, Elasticity",4.6,"{""ASIN"": ""B0D6T25CTP"", ""Manufacturer"": ""Dr.Jart+"", ""Country of Origin"": ""Korea, Republic of"", ""Product Dimensions"": ""2.81 x 2.81 x 2.3 inches; 7.05 ounces""}","#120,233 in Beauty & Personal Care (See Top 100 in Beauty & Personal Care)
#2,765 in Face Moisturizers"
B0D7DDPXW8,"Dr.Jart+ Prejuvenation Firming Bakuchiol Serum for Preventative Aging | Anti Aging Serum | Korean Skin Care, 1.69 Fl Oz",40,Skin Care Products,Dr.Jart+,66.0,"32","{""Benefits"": ""This serum gives you a gentle yet powerful way to stay you(thful). Bakuchiol, delivers retinol-like firming and visible line reducing benefits."", ""Description"": ""This new-generation serum gives you a gentle yet powerful way to stay you(thful). Its hero ingredient, Bakuchiol, delivers retinol-like firming and visible line reducing benefits while being kind to skin. Use it twice a day— it’s that gentle."", ""Suggested use"": ""Apply to clean skin morning and night. Gentle enough to use twice a day.""}",No special feature,4.7,"{""ASIN"": ""B0D7DDPXW8"", ""Manufacturer"": ""Dr.Jart+"", ""Country of Origin"": ""Korea, Republic of"", ""Product Dimensions"": ""1.79 x 1.79 x 5.08 inches; 3.88 ounces""}","#143,972 in Beauty & Personal Care (See Top 100 in Beauty & Personal Care)
#2,809 in Facial Serums"
B0DFK6B972,"Dr.Jart+ Vital Hydra Solution™ Jelly Bear Lip Mask with Hyaluronic Acid | Lip Mask Overnight Hydration | Korean Skin Care, 0.67 Fl Oz",18,Skin Care Products,Dr.Jart+,25.0,"52","{""Benefits"": ""Reduces visible dry lines for smoother lips, visibly plumps and boosts shine."", ""Description"": ""A leave-on lip mask for day or night with hyaluronic acid that delivers intense hydration. Jelly formula goes on smooth and leaves lips with a clear, color-free shine."", ""Suggested use"": ""Use before bedtime to keep lips hydrated all night long or as a primer before lipstick or lip gloss.""}",No special feature,4.6,"{""ASIN"": ""B0DFK6B972"", ""Manufacturer"": ""Dr.Jart+"", ""Country of Origin"": ""Korea, Republic of"", ""Product Dimensions"": ""2.32 x 2.32 x 1.77 inches; 2.12 ounces""}","#46,231 in Beauty & Personal Care (See Top 100 in Beauty & Personal Care)
#731 in Lip Balms & Moisturizers"
B0DKVLD78F,"Dr.Jart+ Brightamin™ Brightening Plumping Face Mask with Vitamin C | Korean Skin Care, 1 Pack",28,Skin Care Products,Dr.Jart+,12.0,"3","{""Benefits"": ""Clinically shown to minimize visible dry, fine lines with moisture."", ""Description"": ""This innovative Korean skincare face mask has separate chambers to help keep the actives fresh. When ready to use, pop the pouch to mix and activate the Niacinamide and Vitamin C brightening treatment."", ""Suggested use"": ""This mask has 2 separate chambers keep the actives fresh. To use it, squeeze the pouch and pop the seal to soak the Vitamin C-coated sheet mask in Niacinamide.""}","Strengthening, Anti-Aging, Lightweight, Anti-Wrinkle, Brightening",4.0,"{""ASIN"": ""B0DKVLD78F"", ""Manufacturer"": ""Dr.Jart+"", ""Country of Origin"": ""China"", ""Product Dimensions"": ""6.38 x 0.2 x 6.38 inches; 1.23 ounces""}","#55,407 in Beauty & Personal Care (See Top 100 in Beauty & Personal Care)
#717 in Facial Masks"
B0DKXWDCKF,"Dr.Jart+ Ceramidin™ Under Eye Cream with Ceramides | Korean Skin Care, 0.5 Fl Oz",33,Skin Care Products,Dr.Jart+,42.0,"24","{""Benefits"": ""The multi-action eye cream relieves dryness, strengthens the skin barrier around the eye and locks in moisture."", ""Description"": ""A rich, buttery eye cream that moisturizes, diminishes the look of under eye puffiness, fine lines, and firms the delicate eye area. Suitable for sensitive skin. Ophthalmologist tested."", ""Suggested use"": ""Dab an appropriate amount of eye cream all around eye area morning and night. Pat into the eye area until absorbed.""}","Hydrating, Smoothing, Lightweight, Moisturizing, Brightening",4.7,"{""ASIN"": ""B0DKXWDCKF"", ""Manufacturer"": ""Dr.Jart+"", ""Country of Origin"": ""Korea, Republic of"", ""Product Dimensions"": ""1.97 x 1.97 x 1.65 inches; 3.17 ounces""}","#94,080 in Beauty & Personal Care (See Top 100 in Beauty & Personal Care)
#540 in Eye Treatment Creams"
