"ASIN","title","order","category","brand","price","global_rating_count","description","Special_Feature","total_star_mean","detail_dict","best_sellers_rank_Feature","Ingredients","is_bundle"
B077QN7GRR,PURITO Galacto Niacin 97 Power Essence 2 fl.oz /92% galactomyces/fermented/Treatment essence/pore control,16,Skin Care Products,No brand,16.9,"736","{""description"": ""Contains 92% of Galactomyces Fermented Filtrate, which makes a rough skin soft, clean, and clear. Niacinamide(5%) helps the skin tone improving its texture and elasticity. The Bifida Ferment Lysate strengthens the skin barrier, making the skin healthy and elastic. Its watery and light texture gently glides and penetrates deep into the skin, leaving the skin hydrated. It is absorbed instantly into the skin due to its lightweight texture.\nGalactomyces Ferment Filtrate fermented yeast rich in vitamins, minerals, amino acids, enzymes, and yeasts, which help improve the skin tone and texture.\nNiacinamide is the active forms of water-soluble vitamin B3 that helps improve uneven skin tone, strengthen skin barrier, and diminish dullness.\nIt is an ingredient produced during the fermentation process of Bifida, rich in proteins, vitamins, and minerals. It has an excellent moisturizing effect and helps strengthen the skin barrier.""}",No special feature,4.5,"{""UPC"": ""888243152812 632317945875"", ""ASIN"": ""B077QN7GRR"", ""Manufacturer"": ""Eyesome"", ""Item model number"": ""PGNPE"", ""Product Dimensions"": ""1.5 x 1.5 x 4.84 inches; 2.82 ounces"", ""Is Discontinued By Manufacturer"": ""No""}","#92,559 in Beauty & Personal Care (See Top 100 in Beauty & Personal Care)
#1,859 in Facial Serums",,0
B07BGXFBGY,PURITO Pure Vitamin C Serum,31,Skin Care Products,PURITO,12.0,"260","{""description"": ""Vitamin C Serum: Provides Anti-Aging Benefits\nAloe Scented: Has a Light and Fresh Aroma\nFor All Skin Tones: Suitable for All Skin Types\nUnisex Product: Can Be Used by Both Men and Women\n2 Fl Oz Bottle: Provides 60 Milliliters of Serum""}",No special feature,4.1,"{""UPC"": ""888243079393"", ""ASIN"": ""B07BGXFBGY"", ""Item model number"": ""SG_B07BGXFBGY_US"", ""Package Dimensions"": ""5.12 x 1.57 x 1.38 inches; 3.52 ounces"", ""Is Discontinued By Manufacturer"": ""No""}","#478,167 in Beauty & Personal Care (See Top 100 in Beauty & Personal Care)
#8,255 in Facial Serums",,0
B07MYVBM23,PURITO Bamboo Charcoal Konjac Sponge 100% vegan (Bamboo Charcoal),1,Beauty Tools & Accessories,PURITO,7.0,"50","{""description"": ""[HANDMADE VEGAN CLEANING SPONGE] - This cleansing sponge is made of natural konjac(95%) and bamboo charcoal (5%) that helps with absorbing excess sebum. It has a soft texture making it gentle and safe for sensitive skin.\n[MADE WITH GENTLE & SOFT TEXTURE] - Feel the konjac sponge's soft texture, making it gentle and safe for sensitive skin. It lasts up to 1-2months, which makes it reusable.\n[GETS RID OF ANY RESIDUES ON SKIN] - This sponge generates a thick, rich foam that gently lifts impurities away from the skin, including any residues of makeup and sunscreen on the skin and in the pores.\n[EASY SANITATION] - To sanitize, simply place the sponge in a bowl of water and microwave it for 1 to 1:30 minutes, and the sponge will be good as new ready to use again!""}",No special feature,4.0,"{""ASIN"": ""B07MYVBM23"", ""Manufacturer"": ""HINATURE Inc."", ""Item model number"": ""C1225"", ""Package Dimensions"": ""6.77 x 4.8 x 1.02 inches; 0.32 ounces"", ""Is Discontinued By Manufacturer"": ""No""}","#182,485 in Beauty & Personal Care (See Top 100 in Beauty & Personal Care)
#491 in Bath Sponges","Squeeze out excess moisture after use and allow it to hang in an airy place to dry. The sponge lasts between 1 - 2 months. To sanitize, place the sponge in a bowl of water and microwave it for 1 ‚Äì 1:30 minutes.",0
B081RC4MW8,"PURITO Dermide Cica Barrier Sleeping Pack 2.7 fl.oz / 80ml ceramide and centella, night cream, sensitive type, moisture pack",5,Skin Care Products,PURITO,15.94,"1259","{""description"": ""This sleeping pack helps to soothe the skin exhausted from the damaging UV rays and other environmental stressors overnight. It is formulated with skin-identical ingredients like Hyaluronic Acid and Ceramide, which strengthen the skin barrier and protect it from the harmful environmental stressors. This product forms a healthy moisture barrier that prevents water loss and keeps skin well-hydrated overnight. Treat your sleep-deprived skin with PURITO Dermide Cica Barrier Sleeping Pack.\nCentella Asiatica is most well-known for its wound-healing abilities. So-called ‚Äútiger grass‚Äù from the legend where tigers would roll around in the plant after a battle in an effort to soothe their wounds. CICA soothes and reduces skin inflammation.\nSqualane prevents the evaporation of moisture from the skin and soothes its texture. It is non-irritating, making it great for people with all skin types including sensitive skin.\nCeramide NP is a mild ingredient that does not cause skin irritation due to its structure that is similar to skin lipid. It strengthens the skin barrier protecting from harmful external effects. It keeps skin hydrated by sealing in moisture, preventing evaporation of the water, and maintaining a healthy balance of oil and water.""}",No special feature,4.5,"{""ASIN"": ""B081RC4MW8"", ""Manufacturer"": ""HINATURE Inc."", ""Item model number"": ""PDCSP"", ""Product Dimensions"": ""1.97 x 1.97 x 3.94 inches; 3.17 ounces""}","#21,603 in Beauty & Personal Care (See Top 100 in Beauty & Personal Care)
#85 in Facial Night Creams",,0
B081ZQFNBK,"PURITO Centella Unscented Serum, for All Skin Types, Ampoule, Soothing, Calming, Facial Serum for face, Vegan & Cruelty-Free, Korean Skin Care, 60ml 2fl.oz",19,Skin Care Products,PURITO,,"2413","{""description"": ""This serum rejuvenates the skin by strengthening its barrier; It contains essential Centella ingredients to restore a damaged skin barrier and soothe irritated skin; The Centella Asiatica Extract and Panthenol help calm the irritated skin preventing further inflammation; If your skin is stressed using too many products with various ingredients that do not fit your skin, give your face a break and help it restore by using the Centella Unscented Serum\nThe Centella Unscented Serum is formulated not only to calm but also to help strengthen, protect, and hydrate the skin barrier\nPart of the Centella Unscented line, this lightweight, gel-type serum is formulated with no essential oils or artificial fragrances\nSerum is formulated for damaged skin""}",No special feature,4.5,"{""ASIN"": ""B081ZQFNBK"", ""Manufacturer"": ""HINATURE Inc"", ""Item model number"": ""PCUS"", ""Product Dimensions"": ""1.5 x 1.5 x 4.84 inches; 3.42 ounces""}","#112,759 in Beauty & Personal Care (See Top 100 in Beauty & Personal Care)
#2,210 in Facial Serums",,0
B0881CFN2P,"PURITO Centella Unscented Toner, 200ml 6.76 fl.oz, Korean Centella, for Sensitive Skin, Soothing, Facial Toner for face, K-Beauty, Korean Skin Care",21,Skin Care Products,PURITO,18.0,"418","{""description"": ""The PURITO Centella Unscented line products are free from artificial fragrances and essential oils, therefore natural scent may arise from the raw materials themselves. This does not impact the product's quality or efficacy. Store in a refrigerated or cool, dry place for optimal use.""}",No special feature,4.6,"{""ASIN"": ""B0881CFN2P"", ""Manufacturer"": ""HINATURE Inc."", ""Item model number"": ""PCUT"", ""Product Dimensions"": ""1.85 x 1.85 x 6.54 inches; 6.77 ounces"", ""Date First Available"": ""May 4, 2020""}","#89,017 in Beauty & Personal Care (See Top 100 in Beauty & Personal Care)
#554 in Facial Toners & Astringents","Centella extract, Alcohol-free",0
B0881CXMR5,"PURITO From Green Deep Foaming Cleanser 150ml / 5.07 fl.oz, pH 5.5, plant-based, natural ingredients, cruelty-free, Vegan",15,Skin Care Products,PURITO,13.3,"259","{""description"": ""[THE PERFECT FOAMING CLEANSER FOR ALL SKIN TYPES] - This product is suitable for all skin types, as it is formulated with natural ingredients and is free of any chemical surfactant, which may cause irritation.\n[SQEEZE LESS, DEEP CLEANSE] - The thickness of the cleanser and the microbubbles not only cleanse all skin impurities with rich bubbles but also contain powerful plant-based ingredients, making your skin look radiant and moisturized.\n[CALMING&CLARIFYING GOODNESS] - This cleanser contains green tea, heartleaf, and licorice root extract which all helps calm and soothe your skin, while gently exfoliating it.\n[NON-IRRITATING CLEANSER] - Through an in-depth research test, this cleanser is proven to be non-irrtating with a primary skin irritation index of 0.00.""}",No special feature,4.4,"{""ASIN"": ""B0881CXMR5"", ""Manufacturer"": ""HINATURE Inc."", ""Item model number"": ""PFGFC"", ""Product Dimensions"": ""2.76 x 1.61 x 7.13 inches; 5.29 ounces"", ""Is Discontinued By Manufacturer"": ""No""}","#92,582 in Beauty & Personal Care (See Top 100 in Beauty & Personal Care)
#1,224 in Facial Cleansing Washes",,0
B089G3FKWS,PURITO [ESSENTIAL OIL-FREE Sea Buckthorn Vital 70 Cream 50ml / 1.7 fl.oz,20,Skin Care Products,PURITO,12.94,"300","{""description"": ""This cream contains 70% of the Sea Buckthorn extract, the fruit of the vitamin tree, which helps even up and visibly smooth skin‚Äôs texture. Sea buckthorn fruit contains various vitamins that balance the skin tone giving it a fresh and healthy appearance. It has a gel-type texture with a high content of essential moisturizing ingredients that provide sufficient and lasting hydration to the skin.\nSea Buckthorn is rich in vitamins such as C, E, B1, B2, and K, which is known as the Fruit of Vitamin Tree. This revitalizing cream even up the skin tone and helps reduce wrinkles preventing premature skin aging.\nNiacinamide is the active forms of water-soluble vitamin B3 that helps improve uneven skin tone, strengthen skin barrier, and diminish dullness.\nCitrus extract helps improve skin elasticity preventing premature skin aging. It delivers evening out skin tone, firming, and skin-plumping effects.""}",Travel Size,4.5,"{""UPC"": ""889810219327"", ""ASIN"": ""B089G3FKWS"", ""Manufacturer"": ""HINATURE Inc."", ""Item model number"": ""1724-00392"", ""Product Dimensions"": ""19.69 x 19.69 x 11.02 inches; 1.69 ounces"", ""Is Discontinued By Manufacturer"": ""No""}","#149,383 in Beauty & Personal Care (See Top 100 in Beauty & Personal Care)
#3,376 in Face Moisturizers",,0
B08FH93ZFM,"PURITO Fermented Complex 94 Boosting Essence 150ml/5.1fl.oz Skincare Booster,safe ingredients, Natural, soothing, Fermentation",1,Skin Care Products,PURITO,16.99,"365","{""description"": ""1. [INFUSED WITH NIACINAMIDE AND ADENOSINE] - Making the skin healthier and strengthening skin-barrier, this product brightens dull and rough skin with functional whitening ingredients\n2. [EVENS SKIN TONE]- 94% fermented fusion that penetrates deep into the skin with small particles. This skin texture recovery care product helps return unevened skin to soft and smooth\n3. [CLEAR AND WATERY TEXTURE] Feel the moisture barrier building up from the inside of the skin as you apply it on. Feel hydrated, plump skin with each application, giving you that dewy, radiant glow all day long.\n4. [MORUS ALBA ROOT INCLUDED, PERFECT FOR DRY SKIN] Enhances moisture content, revitalizes skin's outer surface layers, softens, and improves dry skin.""}",No special feature,4.5,"{""ASIN"": ""B08FH93ZFM"", ""Manufacturer"": ""HINATURE Inc."", ""Item model number"": ""LT187"", ""Product Dimensions"": ""1.77 x 1.77 x 5.51 inches; 6.95 ounces"", ""Is Discontinued By Manufacturer"": ""No""}","#64,823 in Beauty & Personal Care (See Top 100 in Beauty & Personal Care)
#1,332 in Facial Serums",,0
B08JCK7LSN,"PURITO Cica Clearing BB Cream #21 Light Beige 1 fl.oz / 30ml, Vegan bb cream, tinted",2,Makeup,No brand,12.0,"3838","{""description"": ""[üå±DEWY AND NATURAL COVERAGEüå±] - With light medium coverage, a handful of glow is added to express velvet-soft like skin.\n[‚≠êÔ∏èSUITABLE FOR ALL SKIN SHADES‚≠êÔ∏è] - From neutral ivory to deep warm color, this BB Cream can be used for any people of color. Find your perfect skin color and undertone to match with the shade.\n[üåøINFUSED WITH CENTELLA ASIATICA EXTRACTüåø] - This BB Cream includes centella asiatica extract, which nourishes the skin and helps soothe any irritation. Other ingredients include panthenol, niacinamide, and tocopherol which all act as synergistic ingredients for your skin.\n[‚ú®VEGAN&CRUELTY FREE‚ú®] - Our products are certified as vegan and cruelty free, as well as earth-conscious, making them completely trustworthy to use.""}",No special feature,4.2,"{""ASIN"": ""B08JCK7LSN"", ""Manufacturer"": ""HINATURE Inc."", ""Item model number"": ""MJ002"", ""Product Dimensions"": ""1.18 x 5.31 x 1.18 inches; 1.41 ounces"", ""Is Discontinued By Manufacturer"": ""No""}","#14,145 in Beauty & Personal Care (See Top 100 in Beauty & Personal Care)
#14 in BB Facial Creams",Apply BB cream directly to face as needed after skincare routine.,0
B091561ZZJ,"PURITO Pure Vitamin C Serum 60ml / 2.0 fl.oz., Natural Ingredients Serum, Vitamin C, Vegan & Cruelty Free, Hypoallergenic, Calming, Fragrance-free, Korean Skin Care",18,Skin Care Products,PURITO,15.0,"223","{""description"": ""Pure Vitamin C serum with 5% Ascorbic acid helps improve uneven skin tone. It helps fade the appearance of sun damage and hyperpigmentation while visibly addressing dullness and loss of firmness, making skin look healthy and radiant. This serum has been reformulated with natural agents that prevent rapid oxidation and improve its stability. It is packaged in a dark brown bottle to provide the ingredients maximum protection from sunlight.\nBambusa Vulgaris (bamboo) Water: It helps strengthen the skin barrier and soothe the damaged skin.\nAscorbic Acid: Pure Vitamin C, Ascorbic Acid, helps improve skin texture damaged by UV rays and uneven skin tone. It reduces the look of hyperpigmentation, lights up the skin tone, and helps improve firmness.\nSodium Hyaluronate: It prevents moisture evaporation and restores the skin's adequate moisture balance. It improves the ability of the skin to retain water keeping it healthy and hydrated preventing collagen loss.\nAdenosine: It smoothes the skin, reducing the appearance of fine lines and wrinkles, and improves healthy looking for longer.""}",No special feature,4.0,"{""ASIN"": ""B091561ZZJ"", ""Manufacturer"": ""HINATURE Inc."", ""Item model number"": ""PPVCS"", ""Product Dimensions"": ""2.36 x 1.54 x 4.8 inches; 3.17 ounces""}","#92,221 in Beauty & Personal Care (See Top 100 in Beauty & Personal Care)
#1,854 in Facial Serums",,0
B096DZ661J,"PURITO DermHA-3 Liquid 200ml / 6.76 fl.oz, Alcohol-Free Toner, Vegan & Cruelty-Free, Moisturizing Toner, Strengthening Skin Barrier, Facial Toner, Calming, Soothing Skin, Korean Skin Care",30,Skin Care Products,PURITO,16.8,"14","{""description"": ""The DermHA-3 Liquid boosts the hydration enhancing its ability to hold moisture. This formula benefits from the addition of panthenol to soothe and strengthens the skin barrier while delivering extra moisture to the skin. DermHA - 3 Liquid effectively increases skin elasticity, significantly improving the fine lines. This toner comes in 100% PCR packaging.\nSodium Hyaluronate helps to restore the skin's moisture, promoting a more revitalized and healthy complexion. It has the ability to smooth the appearance of fine lines and improve the skin's texture while calming skin inflammation.\nPanthenol is a moisturizing ingredient that acts as a skin protectant with anti-inflammatory properties. It attracts moisture to the skin and holds water, allowing the skin to produce moisture and hydrate from within preventing prevents natural water loss over time.\nApply the toner on freshly cleansed and damp skin. Follow up with the serum and moisturizing cream to seal in the moisture.""}",No special feature,4.7,"{""ASIN"": ""B096DZ661J"", ""Manufacturer"": ""HINATURE Inc."", ""Item model number"": ""LHB-PU0082"", ""Product Dimensions"": ""0.98 x 0.98 x 7.09 inches; 7.05 ounces"", ""Date First Available"": ""June 2, 2021""}","#315,643 in Beauty & Personal Care (See Top 100 in Beauty & Personal Care)
#1,639 in Facial Toners & Astringents",Apply the toner on freshly cleansed and damp skin. Follow up with the serum and moisturizing cream to seal in the moisture.,0
B096F8NXX1,"PURITO Inner Green Reusable Cotton Rounds 10pads with Mesh Bag, Multi-Purpose, Cleansing Pad, Vegan, Cruelty-Free, Exfoliating, Korean Skin Care Products",2,Beauty Tools & Accessories,PURITO,5.45,"13","{""description"": ""Made with cotton and bamboo 100% Reusable Cotton Rounds are soft on the delicate face and neck skin.\nDouble-layer terry texture gently slides on the skin as you cleanse your face and apply skincare products.\nThese multi-purpose rounds come in an organic cotton laundry bag that provides its easy and safe cleanse.\nSoak the Cotton Rounds in lukewarm water. Apply a cleansing product directly onto the pad and massage in circular motions. Rinse your face. Use the other side to remove any excess product and impurities that may be sitting on top of the skin.\nUsing cotton pads to apply your toner not only makes the skin smoother and softer since it gently exfoliates it.""}",No special feature,4.7,"{""ASIN"": ""B096F8NXX1"", ""Manufacturer"": ""HINATURE Inc."", ""Item model number"": ""PU8809563100989"", ""Package Dimensions"": ""4.72 x 4.49 x 2.2 inches; 2.08 ounces"", ""Date First Available"": ""June 2, 2021""}","#188,520 in Beauty & Personal Care (See Top 100 in Beauty & Personal Care)
#271 in Cotton Pads & Rounds",,0
B09C1LW874,"PURITO Oat-in Calming Gel Cream 100 ml / 3.38 fl. oz. vegan, facial cream, moisture cream for face, natural ingredients",2,Skin Care Products,PURITO,,"529","{""description"": ""Refreshing gel cream with nourishing Avena Sativa (Oat) Seed Water instantly calms dry and sensitive skin. The lightweight clear texture softly melts on the skin, easily seeping into its layers. This gel cream improves skin's moisture level, and soothes hypersensitivity, keeping the skin balanced and vibrant. The combination of oat and panthenol provides a refreshing splash of hydration and additional nutrients while creating a protective barrier.\nAvena Sativa (Oat) Seed Water(77%) is a gentle ingredient that calms irritated skin. Rich in antioxidants and hydrating properties, this ingredient instantly improves the skin's moisture barrier. It is particularly suitable for sensitive skin.\nSqualane rapidly penetrates the skin to instantly hydrate and lock in moisture. This replenishing facial oil works to boost elasticity, nourish, soothe, and smooth out dehydration lines.\nBeta-Glucan is a humectant that effectively soothes and calms sensitive skin. It smoothes fine lines, providing hydrating and plumping benefits to the skin. This ingredient is also enriched with antioxidant properties to counteract environmental stressors.""}",Lightweight,4.3,"{""ASIN"": ""B09C1LW874"", ""Manufacturer"": ""HINATURE Inc."", ""Product Dimensions"": ""2.76 x 1.97 x 4.72 inches; 4.59 ounces""}","#3,582 in Beauty & Personal Care (See Top 100 in Beauty & Personal Care)
#118 in Face Moisturizers",,0
B0B1TGZMXH,"PURITO Re:store Cleansing Bar 100g vegan & cruelty-free, safe ingredients, skin moisture, gentle formula",32,Skin Care Products,PURITO,4.9,"4","{""description"": ""[MINIMALIST BATHROOM ESSENTIAL] - This all-in-one cleansing bar for both face and body has a dense micro-foaming formula that helps minimize skin irriations.\n[A CLEANSING BAR FOR ALL SKIN TYPES] - Our cleansing bars are crafted with a gentle formula suitable for every skin type; from oily to dry, and even the most sensitive. They cleanse effectively without stripping, leaving your skin refreshed, balanced, and soft.\n[FEEL REFRESHED & MOISTURIZED] - This mildly acidic soap maintains the skin's moisture balance even after cleansing. Its rich micro lather leaves the skin feeling clean and refreshed while minimizing irritations and providing gentle hydration.\n[ENRICHED WITH NATURAL INGREDIENTS] - Made with the highest quality plant-derived ingredients, such as turmeric, hearleaf, centella asiatica and olive oil, this cleansing bar allows you to preserve the skin's optimal moisture balance.""}",No special feature,3.4,"{""ASIN"": ""B0B1TGZMXH"", ""Manufacturer"": ""HINATURE Inc."", ""Package Dimensions"": ""3.03 x 2.36 x 1.06 inches; 3.84 ounces""}","#504,292 in Beauty & Personal Care (See Top 100 in Beauty & Personal Care)
#293 in Facial Cleansing Bars",,0
B0B1TRLB9D,"PURITO Re:lief Cleansing Bar 100g vegan & cruelty-free, safe ingredients, skin moisture, gentle formula, refresh",29,Skin Care Products,PURITO,4.9,"9","{""description"": ""[A MINIMALIST BATHROOM ESSENTIAL] - This all-in-one cleansing bar for both face and body has a dense micro-foaming formula that helps minimize skin irriations.\n[A CLEANSING BAR FOR ALL SKIN TYPES] - Our cleansing bars are crafted with a gentle formula suitable for every skin type, from oily to dry, and even the most sensitive. They cleanse effectively without stripping, leaving your skin refreshed, balanced, and soft 2. [A CLEANSING BAR FOR ALL SKIN TYPES] - Our cleansing bars are crafted with a gentle formula suitable for every skin type, from oily to dry, and even the most sensitive. They cleanse effectively without stripping, leaving your skin refreshed, balanced, and soft.\n[FEEL REFRESHED & MOISTURIZED] - This mildly acidic soap maintains the skin's moisture balance even after cleansing. Its rich micro lather leaves the skin feeling clean and refreshed while minimizing irritations and providing gentle hydration.\n[ENRICHED WITH NATURAL INGREDIENTS] - Made with the highest quality plant-derived ingredients, such as turmeric, hearleaf, centella asiatica and olive oil, this cleansing bar allows you to preserve the skin's optimal moisture balance.""}",No special feature,4.5,"{""ASIN"": ""B0B1TRLB9D"", ""Manufacturer"": ""HINATURE Inc."", ""Package Dimensions"": ""3.07 x 2.4 x 1.06 inches; 3.84 ounces""}","#319,167 in Beauty & Personal Care (See Top 100 in Beauty & Personal Care)
#215 in Facial Cleansing Bars",,0
B0BLHDJZNV,"PURITO From Green Cleansing Oil Original, 6.76 fl.oz / 200ml, Gentle Cleansing Oil for Face, Cruelty-free & Vegan, Korean Skin Care",1,Makeup,PURITO,18.3,"884","{""description"": ""[‚≠êÔ∏èSHOW OFF YOUR BRIGHT AND FRESH SKIN‚≠êÔ∏è] - This hypoallergenic cleansing oil uses only essential ingredients to prevent the skin from drying out, and it moisturizes your skin to reveal a radiant and soft complexion. Remove makeup, sunscreens, dust, and other waste products with this deep, soft cleansing oil.\n[üå≥BLENDED IN WITH 5 GENTLE INGREDIENTSüå≥] - Contains a unique blend of five mild oils: olive, sweet almond, grape seed, sunflower seed, and jojoba seed. Olive oil and sweet almond oil help to maintain and soothe moisture, while grape seed, sunflower seed, and jojoba seed oil gently permeate the skin to wash off any dirt, makeup, and sunscreen on your face.\n[üß¥REFILLABLE BOTTLEüß¥] - Is your favorite product running low? Let‚Äôs join forces to reduce global carbon emissions! Try our convenient refill pouches and keep your bottle in use, minimizing waste while staying stocked up.\n[‚úÖSUITABLE FOR ALL SKIN TYPES‚úÖ] - This product is suitable for all skin types: dry, oily, and combination. With the help of a this nourishing cleansing oil, easily remove dust and makeup from your skin.""}",No special feature,4.5,"{""UPC"": ""889810249980"", ""ASIN"": ""B0BLHDJZNV"", ""Manufacturer"": ""PURITO"", ""Item model number"": ""Purito_Oil"", ""Product Dimensions"": ""2.91 x 2.09 x 6.46 inches; 8.47 ounces""}","#21,929 in Beauty & Personal Care (See Top 100 in Beauty & Personal Care)
#26 in Makeup Cleansing Oils",,0
B0BNBLYCRV,"PURITO Oat-in Silky Toner 200ml / 6.76 fl. oz. Vegan Ingredients, Cruelty-Free, Facial Toner",23,Skin Care Products,No brand,18.5,"94","{""description"": ""Skin Types: Dry, Sensitive\nSkin Concerns: Dryness, Sensitivity\nA delicate dual soothing solution.\nContaining 68.09% oat-based ingredients, this thoughtfully sourced 2-in-1 formula delivers superior moisturizing and calming benefits.\nThe PURITO Oat-in Silky Toner was inspired by minimalism from its limited packaging to ingredients list only ten items long. Developed using Ultra-fine Emulsion Technology, this toner has a lightweight milky texture that prevents the rapid evaporation of moisture like a cream. Streamline your skincare routine with this minimalist, nature-derived sensitive skin savior.""}",No special feature,4.1,"{""ASIN"": ""B0BNBLYCRV"", ""Manufacturer"": ""HINATURE Inc."", ""Package Dimensions"": ""6.02 x 2.36 x 2.13 inches; 6.76 ounces""}","#105,576 in Beauty & Personal Care (See Top 100 in Beauty & Personal Care)
#624 in Facial Toners & Astringents","After cleansing, place a moderate amount of toner into your hand or onto a cotton pad and spread over the skin. Allow time for the toner to sink in completely before proceeding with the rest of your routine. Store away from direct sunlight in a cool, dry place.",0
B0BNGTVVNG,"PURITO Oat-in Intense Cream 150ml / 5.07 fl. oz, Vegan Ingredients, Cruelty-Free, Facial cream",11,Skin Care Products,PURITO,12.0,"219","{""description"": ""[INFUSED WITH 68.99% OAT INGREDIENTS] - This cream contains only 15 ingredients, of which 68.99% oat ingredients deliver deep moisturization and nutrition to the skin to provide lasting moisture.\n[TAKE CARE OF YOUR DRY SKIN WITH GENTLE MOISTURIZING] - Ideal for dry, dehydrated skin, this cream provides deep moisturizing and gently soothes your skin.\n[ADD THIS CREAM TO OUR OAT-LINE] - This product delivers super soothing effects with our popular oat-line (Purito Oat In Calming Gel Cream, Purito Oat In Silky Toner). It absorbs to both the face and body quickly and helps keep dry skin satisfied and smooth.\n[REDUCED RESOURCE PRODUCTION AND PACKAGING] - Instead of labels, we have packaged with embossed CR50-unlabeled containers and arcopack paper tags instead of boxed packaging. These efforts by Purito reduce resource production and help simplify the recycling process.""}",Hypoallergenic,4.3,"{""ASIN"": ""B0BNGTVVNG"", ""Manufacturer"": ""HINATURE Inc."", ""Product Dimensions"": ""2 x 2 x 6 inches; 7.2 ounces""}","#34,148 in Beauty & Personal Care (See Top 100 in Beauty & Personal Care)
#889 in Face Moisturizers",,0
B0CD1SWRHS,"PURITO Clear Code Superfruit Serum 30ml/1.01 fl.oz., Next-Generation Clarifying Solution with Noni Fruit Extract, Non-Irritating, Vegan, Cruelty-Free, Suitable for Sensitive Skin, Korean Skincare",27,Skin Care Products,PURITO,19.0,"67","{""description"": ""üëΩ Next-Gen Clarifying Solution: More than a quick fix, the Clear Code Superfruit Serum‚Äôs innovative use of Noni Fruit Extract interrupts the bacterial communication system to help clarify the skin.\nüëãüèª Goodbye for Good: Formulated to rebalance the skin‚Äôs microbiome, it tackles key causes of blemishes, including clogged pores, excess sebum, and a weak skin barrier.\nü¶∏üèª Powerful Care: Streamlining clear skin, this serum helps regulate sebum, reducing the appearance of blackheads and whiteheads.\n- **üåø Boost Barrier Function:** The serum‚Äôs synergy ingredients work in tandem to help strengthen the skin barrier to reduce redness and other signs of irritation caused by external stimuli.\nüî¨ Key Ingredients: Noni Fruit Extract, Succinic Acid, and a Botanic Complex work together to clarify and soothe skin.\nüçÉ PURITO: Mindful Skincare for All; We believe sustainable skincare should be for everyone. By formulating products with plant-based ingredients, we bring balance back into your life and nature. Vegan. Cruelty-Free.""}",No special feature,3.4,"{""ASIN"": ""B0CD1SWRHS"", ""Manufacturer"": ""HINATURE Inc"", ""Country of Origin"": ""Korea, Republic of"", ""Item model number"": ""Non Applicable"", ""Product Dimensions"": ""1.57 x 1.57 x 3.9 inches; 2.82 ounces""}","#230,077 in Beauty & Personal Care (See Top 100 in Beauty & Personal Care)
#4,321 in Facial Serums",,0
B0CD1WXVTB,"PURITO Clear Code Superfruit Cleanser 150ml / 5.07 fl. oz., Next Generation Clarifying Solution with Noni Fruit Extract,Non-Irritating,Vegan,Cruelty-Free,Suitable for Sensitive Skin,Korean Skincare",26,Skin Care Products,PURITO,16.12,"93","{""description"": ""üëΩ Next-Gen Clarifying Solution: More than a quick fix, the Clear Code Superfruit Cleanser‚Äôs innovative use of Noni Fruit Extract and microbubbles helps to clear skin from the source.\nüëãüèª Cleanse & Control: Formulated to regulates sebum production and rebalance the skin, this cleanser is best suited to oily and combination skin types.\nü´ß Deep Cleanse: Formulated with Salicylic Acid, it dissolves and deeply cleanses dead skin buildup, dirt, and oil to clear out and prevent clogged pores.\nüåø Non-stripping: A pH level similar to skin helps make this cleanser gentle on skin, maintaining the skin‚Äôs oil-water balance without stripping away moisture or leaving skin feeling tight.\nüî¨ Key Ingredients: Noni Fruit Extract, Salicylic Acid, and a Botanic Complex work together to clarify, exfoliate, and soothe skin.""}",No special feature,4.5,"{""ASIN"": ""B0CD1WXVTB"", ""Manufacturer"": ""HINATURE Inc."", ""Item model number"": ""PURITO"", ""Product Dimensions"": ""1.93 x 1.93 x 6.93 inches; 8.78 ounces""}","#172,626 in Beauty & Personal Care (See Top 100 in Beauty & Personal Care)
#2,047 in Facial Cleansing Washes",,0
B0CH2PJMH8,"PURITO From Green Avocado Cleansing Balm 100ml / 3.38 fl. oz., Melt-In Moisture with Avocado Oil, Vegan, Cruelty-Free, Suitable for Dry Skin, Korean Skincare",25,Skin Care Products,PURITO,18.0,"83","{""description"": ""üëΩ Melt-In Moisture Cleansing Balm: A cleanser packed with powerful greens and rich Avocado Oil to melt away all impurities and refresh the skin. Its unique formula effectively cleanses without irritation, delivering a dose of hydration, leaving behind only a balanced, satisfied, and glowing skin.\nüëãüèª Indulge in the Moment: Rich and buttery, this balm turns cleansing from a routine to a ritual. The smooth and lush texture quickly melts into the skin, easily emulsifying to dissolve impurities without irritation.\nüíõ Gentle on Skin: Using only the gentlest ingredients, the PURITO From Green Avocado Cleansing Balm can be used without the fear of dryness or irritation\nüåø Nourish with Nature: Formulated with Kale Leaf, Spinach Leaf, Broccoli, Mugwort Leaf, and Cabbage Leaf extracts, the balm is made to soothe the skin and boost its elasticity to reveal a soft and supple, radiant complexion.\nüî¨ Key Ingredients: Avocado Oil, Green Flora Complex and Watermelon Seed & Baobab Seed Oil Blend work together to gently dissolve makeup, dirt, sunscreen and other impurities.""}",No special feature,4.3,"{""ASIN"": ""B0CH2PJMH8"", ""Manufacturer"": ""HINATURE Inc.""}","#118,774 in Beauty & Personal Care (See Top 100 in Beauty & Personal Care)
#1,494 in Facial Cleansing Washes",,0
B0CST12NYJ,"PURITO Seoul Wonder Releaf Centella Toner Unscented Korean Centella, for Sensitive Skin, Soothing, Facial Toner for face, K-Beauty, 200ml 6.76 fl.oz",6,Skin Care Products,PURITO,17.9,"296","{""description"": ""[‚è±Ô∏è10-SECOND RAPID SOOTHING‚è±Ô∏è] - Gently crafted for sensitive skin, this rapid-soothing toner delivers quick relief from irritation and redness after just one application.\n[üçÄINFUSED WITH CALMING KOREAN CENTELLAüçÄ] - Korean Centella Asiatica, an ancient Korean herb, is a renowned soothing wonder. Having to survive the harsh conditions of Korea‚Äôs four seasons and diverse terrains, it possesses stronger soothing properties, effectively relieving skin redness and discomfort.\n[üí¶BALANCING HYDRATIONüí¶] - Preserves moisture, maintains the skin's oil-water balance, and delivers a refreshing burst of hydration to invigorate and energize the skin.\n[‚úîÔ∏èMADE FOR SENSITIVE SKIN‚úîÔ∏è] - Ensuring a gentle and irritation-free experience, this toner is dermatologist-tested, hypoallergenic, and suitable for sensitive skin.\n[‚ú®BEST REDNESS RELIEF TONER‚ú®] - Clinically proven to reduce irritation and redness, it is the must-have product for achieving a dewy, radiant complexion.""}",No special feature,4.4,"{""ASIN"": ""B0CST12NYJ"", ""Manufacturer"": ""HINATURE Inc."", ""Item model number"": ""MB135"", ""Product Dimensions"": ""1.89 x 1.89 x 6.34 inches; 9.88 ounces"", ""Date First Available"": ""January 19, 2024""}","#27,336 in Beauty & Personal Care (See Top 100 in Beauty & Personal Care)
#213 in Facial Toners & Astringents","For soothing: Apply a moderate amount to the face and neck area, then gently pat for better absorption. As a face mask: Soak a cotton pad with the toner and gently apply it to targeted areas, leave it on for 5 to 10 minutes or until fully absorbed into your skin.",0
B0CST174J1,"PURITO Centella Unscented Serum, Korean Centella, for All Skin Types, Ampoule, Soothing, Calming, Facial Serum for face, Vegan & Cruelty-Free, Korean Skin Care, 60ml 2fl.oz",3,Skin Care Products,No brand,17.2,"1039","{""description"": ""[‚ú®#1 MOST REPURCHASED HOLY GRAIL SERUM‚ú®] - The ultimate sensitive-skin savior, this serum is a must-have for those seeking irritation and redness relief.\n[‚è±Ô∏è10-SECOND RAPID SOOTHING‚è±Ô∏è] - Clinically proven to instantly calm the skin, this serum delivers quick relief from irritation and redness after just one application.\n[üçÄINFUSED WITH CALMING KOREAN CENTELLAüçÄ] - Korean Centella Asiatica, an ancient Korean herb, is a renowned soothing wonder. Having to survive the harsh conditions of Korea‚Äôs four seasons and diverse terrains, it possesses stronger soothing properties, effectively relieving skin redness and discomfort.\n[üåüSMOOTHS SKIN & STRENGTHENS SKIN BARRIERüåü] - Not only does it soften the skin and refine texture for an even-toned complexion, it also enhances skin health by shielding against external stressors.\n[‚úîÔ∏èMADE FOR ALL SKIN TYPES‚úîÔ∏è] - Crafted for a gentle and irritation-free experience, this serum is dermatologist-tested, hypoallergenic, and suitable especially for sensitive skin.""}",No special feature,4.4,"{""ASIN"": ""B0CST174J1"", ""Manufacturer"": ""HINATURE Inc"", ""Country of Origin"": ""Korea, Republic of"", ""Item model number"": ""LP195"", ""Package Dimensions"": ""4.69 x 1.5 x 1.46 inches; 3.53 ounces""}","#3,878 in Beauty & Personal Care (See Top 100 in Beauty & Personal Care)
#99 in Facial Serums","1.Wash your face with a cleanser or facial wash to remove impurities and open up your pores. Exfoliating can also help. 2.Use a clean, soft towel to gently pat your face dry after washing. Avoid rubbing or applying too much pressure. 3.Put a pea-sized amount of serum (3‚Äì5 drops) onto your palms and warm it up by rubbing your hands together. Then, use gentle, tapping motions to apply the serum to your face and neck. Don't rub it in. 4.Allow the serum to fully absorb into your skin, which usually takes a few minutes. You can apply other skincare products, like eye cream, moisturizer, or sunscreen, while you wait. 5.Apply a dime-sized amount of moisturizer to lock in hydration and nourish your skin. 6.For best results, use your face serum daily, ideally in the morning and at night.",0
B0CST3L1BM,"PURITO Centella Unscented Eye Cream, Korean Centella, for Sensitive Skin, Soothing, Facial Eye Cream for face, Dark Circles, Wrinkles, Puffiness, K-Beauty, Vegan & Cruelty-Free, 30ml 1fl.oz",10,Skin Care Products,PURITO,13.55,"284","{""description"": ""[‚è±Ô∏è10-SECOND RAPID SOOTHING‚è±Ô∏è] - Soothing magic in a tube, this eye cream is clinically proven to provide quick relief and depuff the sensitive under-eye area after just one application.\n[üçÄINFUSED WITH CALMING KOREAN CENTELLAüçÄ] - Korean Centella Asiatica, an ancient Korean herb, is a renowned soothing wonder. Having to survive the harsh conditions of Korea‚Äôs four seasons and diverse terrains, it possesses stronger soothing properties, effectively relieving skin redness and discomfort.\n[üí¶MOISTURIZES & BOOSTS ELASTICITYüí¶] - Enhances skin elasticity for a healthy and vibrant complexion while preserving skin moisture with continuous hydration.\n[‚úîÔ∏èMADE FOR SENSITIVE SKIN‚úîÔ∏è] - Crafted for a gentle and irritation-free experience, this eye cream is dermatologist-tested, hypoallergenic, and suitable for sensitive skin.\n[‚ú®BEST SOOTHING DAILY DEPUFFER‚ú®] - A favorite item for many, it deeply conditions the skin under the eyes to reduce puffiness, for a softer and smoother-looking eye contour.""}",Hypoallergenic,4.4,"{""ASIN"": ""B0CST3L1BM"", ""Manufacturer"": ""HINATURE Inc."", ""Product Dimensions"": ""6 x 0.9 x 1.1 inches; 1.76 ounces""}","#32,350 in Beauty & Personal Care (See Top 100 in Beauty & Personal Care)
#187 in Eye Treatment Creams",,0
B0CST4FP6D,"PURITO Centella Unscented Cream, Korean Centella, for All Skin Types, Soothing, Facial Cream for face, K-Beauty, Korean Skin Care, 50ml 1.7 fl.oz",8,Skin Care Products,PURITO,15.99,"338","{""description"": ""[‚è±Ô∏è10-SECOND RAPID SOOTHING‚è±Ô∏è] - Sensitive skin's favorite moisturizer, this cream is clinically proven to provide quick and effective relief from irritation and redness after a single use.\n[üçÄINFUSED WITH CALMING KOREAN CENTELLAüçÄ] - Korean Centella Asiatica, an ancient Korean herb, is a renowned soothing wonder. Having to survive the harsh conditions of Korea‚Äôs four seasons and diverse terrains, it possesses stronger soothing properties, effectively relieving skin redness and discomfort.\n[üí™STRENGTHENS SKIN BARRIERüí™] - Enhances skin health by providing a protective shield against external stressors, while effectively locking in essential moisture to keep the skin hydrated.\n[‚úîÔ∏èMADE FOR SENSITIVE SKIN‚úîÔ∏è] - Crafted for a gentle and irritation-free experience, this cream is dermatologist-tested, hypoallergenic, and suitable for sensitive skin.\n[‚ú®SOOTHING CREAMY GOODNESS‚ú®] - Most loved for its rich yet lightweight texture like a comforting embrace, this cream effortlessly creates silky, supple skin.""}","Lightweight, Hypoallergenic",4.5,"{""ASIN"": ""B0CST4FP6D"", ""Manufacturer"": ""HINATURE Inc."", ""Product Dimensions"": ""1.26 x 1.26 x 5.91 inches; 2.12 ounces""}","#23,854 in Beauty & Personal Care (See Top 100 in Beauty & Personal Care)
#657 in Face Moisturizers",,0
B0D31C2VH2,"PURITO SEOUL Timeless Bloom Bakuchiol Serum, Korean Jeju Hydrangea, for Sensitive Skin, Ampoule, Fine Line Reduction, Anti Aging Facial Serum for face, K-Beauty, 30ml 1fl.oz",17,Skin Care Products,No brand,18.7,"199","{""description"": ""[‚ú®IRRITATION-FREE ELASITICY BOOSTER‚ú®] - Well-aging care for beginners, formulated to enhance skin elasticity and diminish the visibility of fine lines and wrinkles without causing irritation.\n[üå∫KOREAN HYDRANGEA SYNERGYüå∫] - Bakuchiol and Korean Hydrangea work in synergy to enhance skin elasticity and smooth skin texture.\n[‚úîÔ∏èMADE FOR SENSITIVE SKIN‚úîÔ∏è] - Crafted for a gentle and irritation-free experience, this serum is dermatologist-tested, hypoallergenic, and suitable for sensitive skin.\n[‚ò∫Ô∏è FIRMS BY ENHANCING SKIN DENSITY‚ò∫Ô∏è] - Aids in increasing the skin's density, resulting in noticeably firmer, bouncy skin that feels full to the touch.\n[‚¨áÔ∏èREDUCES FINE LINES‚¨áÔ∏è] - Targets the signs of early aging such as fine lines for firmer, smoother, and more youthful-looking skin.""}",No special feature,4.2,"{""ASIN"": ""B0D31C2VH2"", ""Manufacturer"": ""HINATURE Inc."", ""Country of Origin"": ""Korea, Republic of"", ""Package Dimensions"": ""3.78 x 1.65 x 1.61 inches; 2.89 ounces""}","#105,659 in Beauty & Personal Care (See Top 100 in Beauty & Personal Care)
#2,083 in Facial Serums",,0
B0D31J525M,"PURITO SEOUL Timeless Bloom Retinol Spot Cream, Korean Jeju Hydrangea, for Sensitive Skin, Retinol Cream, Wrinkle Reduction, Anti Aging Face Cream, K-Beauty, 30ml 1fl.oz",22,Skin Care Products,PURITO,15.4,"171","{""description"": ""[üí™üèª POWERFUL WRINKLE REDUCTION üí™üèª] A gentle, yet powerful wrinkle erasing spot cream with a creamy texture, made for first-time retinol users.\n[üå∫ KOREAN HYDRANGEA SYNERGY üå∫]- Infused with Korean Hydrangea, which works synergistically to enhance the effects of retinol in reducing wrinkles and improving skin elasticity.\n[‚úîÔ∏èFOR ALL SKIN TYPES‚úîÔ∏è] - Dermatologist-tested and hypoallergenic, it is gentle enough for use by all skin types without causing irritation.\n[üß™0.1% PURE RETINOL üß™ ] - Contains 0.1% retinol concentration, providing maximum safe effectiveness for reducing wrinkles, enhancing elasticity, and lifting.\n[üéØ 4-in-1 SPOT CREAM üéØ] - A multi-purpose spot cream that combats wrinkles, enhances elasticity, improves pore appearance, and moisturizes the skin.""}","Hypoallergenic, Anti Aging",4.7,"{""ASIN"": ""B0D31J525M"", ""Manufacturer"": ""HINATURE Inc."", ""Country of Origin"": ""Korea, Republic of"", ""Product Dimensions"": ""6 x 0.9 x 1.1 inches; 1.41 ounces""}","#160,544 in Beauty & Personal Care (See Top 100 in Beauty & Personal Care)
#513 in Facial Night Creams",,0
B0D4LVGDBC,"PURITO SEOUL Wonder Releaf Centella Spot Patch, Korean Centella, for Sensitive Skin, Soothing, Pimple Patches for Face, Spot Stickers, K-Beauty, 51 Count",12,Skin Care Products,PURITO,12.49,"46","{""description"": ""[üòåCALMS AFTER ONE USEüòå] This spot patch rescues your skin by rapidly soothing problem areas after just one application.\n[‚ú®INVISIBLE & COMFORTABLE COVERAGE‚ú®] - The thin and transparent material ensures a seamless fit that remains invisible, providing an effective and natural-looking coverage.\n[üåøINFUSED WITH KOREAN CENTELLAüåø] - Thriving in Korea's four seasons, Korean Centella provides a strong soothing effect. Added Centella Actives soothe problem areas and sensitive, irritated skin, improving skin‚Äôs health and comfort.\n[‚úîÔ∏èSUITABLE FOR ACNE-PRONE SKIN‚úîÔ∏è] - Dermatologist-tested and hypoallergenic, this spot patch is clinically tested on sensitive and acne-prone skin for its soothing effectiveness on areas of concern.\n[üíÑSEAMLESS UNDER MAKEUPüíÑ] - The transparent matte material makes the patch undetectable under makeup. Its strong yet breathable adhesion allows the patch to stick well to the skin.""}",Clinically Tested,4.6,"{""ASIN"": ""B0D4LVGDBC"", ""Manufacturer"": ""HINATURE Inc."", ""Country of Origin"": ""Korea, Republic of"", ""Package Dimensions"": ""6.89 x 4.45 x 0.91 inches; 3.84 ounces""}","#39,948 in Beauty & Personal Care (See Top 100 in Beauty & Personal Care)
#175 in Pore Cleansing Strips",,0
B0D4TXNGRP,"PURITO Deep Sea Cream, Hydration, Lightweight, for All Skin Types, Daily Face Moisturizer, Vegan & Cruelty-Free, Korean Skin Care, 50ml 1.69fl.oz",4,Skin Care Products,PURITO,16.5,"2259","{""description"": ""[üíßMOISTURE LOCKING HYDRA-SEAL CREAMüíß] Satin-like gel cream creates a barrier and seals in moisture to maintain long-lasting hydration for supple skin.\n[üåäKOREAN DEEP SEA POWERHOUSEüåä] Sourced from 605 meters below the East Sea‚Äôs surface, Gangwondo Deep Sea Water supplies waves of lightweight hydration and replenishes minerals essential to the skin.\n[‚úÖMADE FOR OILY & COMBINATION SKIN‚úÖ] Dermatologist-tested and hypoallergenic, this non-greasy serum is a refreshing burst of hydration for those with oily and combination skin.\n[‚öñÔ∏èMAINTAINS OIL-WATER BALANCE‚öñÔ∏è] Clinically proven to reduce oil by 32% and boost hydration by 78.5% after just one use.\n[üåüDEHYDRATED SKIN SOLUTIONüåü] Gently delivers nourishment to the skin with no irritation, transforming it from dehydrated to radiant and glowing.""}","Lightweight, Hypoallergenic",4.5,"{""ASIN"": ""B0D4TXNGRP"", ""Manufacturer"": ""HINATURE Inc."", ""Country of Origin"": ""Korea, Republic of"", ""Package Dimensions"": ""7.83 x 3.07 x 2.09 inches; 2.4 ounces""}","#15,552 in Beauty & Personal Care (See Top 100 in Beauty & Personal Care)
#444 in Face Moisturizers",,0
B0D4TYN1DF,"PURITO Hydro Wave Deep Sea Serum, 60 mL / 2.02 fl. oz., Hydrating Face Serum, Lightweight & Non-Greasy, Skin Moisture Boost, Korean Skincare, For Sensitive Skin, Hyaluronic Acid & Deep Sea Water",14,Skin Care Products,PURITO,19.4,"238","{""description"": ""[üí¶SKIN QUENCHING HYDRA-FLOOD SERUMüí¶] The lightweight, non-sticky formula delivers a flood of mineral-rich hydration that leaves the skin looking radiant and quenched.\n[üåäKOREAN DEEP SEA POWERHOUSEüåä] Sourced from 605 meters below the East Sea‚Äôs surface, Gangwondo Deep Sea Water supplies waves of lightweight hydration and replenishes minerals essential to the skin.\n[‚úÖMADE FOR OILY & COMBINATION SKIN‚úÖ] Dermatologist-tested and hypoallergenic, this non-greasy serum is a perfect hydration relief for those with oily and combination skin.\n[‚¨ÜÔ∏è48-HOUR SKIN PLUMPING BOOST‚¨ÜÔ∏è] The hydration-soaked capsules flood the skin with a 137% boost of hydration for hours of plump skin.\n[‚úåüèæDOUBLE THE VOLUME‚úåüèæ] After listening to the demands of our community, we‚Äôve doubled the volume for improved customer satisfaction.""}",No special feature,4.4,"{""ASIN"": ""B0D4TYN1DF"", ""Manufacturer"": ""HINATURE Inc."", ""Country of Origin"": ""Korea, Republic of"", ""Package Dimensions"": ""4.65 x 1.54 x 1.46 inches; 3.53 ounces""}","#62,426 in Beauty & Personal Care (See Top 100 in Beauty & Personal Care)
#1,286 in Facial Serums",,0
B0D4Y6MNTF,"PURITO Mighty Bamboo Panthenol Cream, Glow Cream, Skin Barrier Repair, for All Skin Types, Daily Face Moisturizer, Glass skin, Vegan & Cruelty-Free, Korean Skin Care 3.38fl.oz / 100ml",1,Skin Care Products,PURITO,19.0,"1213","{""description"": ""Rich moisturizing cream formulated with 10% Panthenol helps protect and strengthen the skin barrier. Panthenol provides instant hydration, attracts and holds moisture to retain it within the skin layers. Combined with skin-friendly ingredients such as Niacinamide, Squalane, and Centella Asiatica Extract, this cream offers exceptional performance in softening the skin, leaving it smooth, and providing continuous improvements to skin's health.\nPanthenol also called pro-vitamin B5 is both an emollient and humectant with exceptional moisturizing benefits. It helps strengthen the skin barrier and serves as a protection against environmental stressors. This is a high-performance ingredient that soothes the skin, providing instant relief to redness and irritation.\nNiacinamide is a form of Vitamin B-3 that has a range of benefits from preserving skin hydration and even protecting skin from environmental stressors. It also helps gently balance oil production and inflammatory responses, supporting the skin barrier and improving its texture.\nSqualane derived 100% from sugarcane, it helps instantly hydrate the skin and lock in all the moisture. It works to boost elasticity, nourish, soothe, and smooth the skin. Squalane helps promote cell turnover and lessens the appearance of fine lines. This plant-based vegan ingredient improves skin health by soothing redness and skin irritation.\nCentella Asiatica Extract offers antioxidant benefits with soothing properties that help reduce inflammation, especially on acne-prone sensitive skin. It has the ability to repair and maintain healthy barrier function by increasing skin resilience. Centella Asiatica Extract also improves skin elasticity and relieves dryness of the skin.""}","Skin Barrier Repair, Moisturizing",4.4,"{""ASIN"": ""B0D4Y6MNTF"", ""Manufacturer"": ""HINATURE Inc."", ""Country of Origin"": ""Korea, Republic of"", ""Product Dimensions"": ""1.38 x 1.38 x 2.36 inches; 4.66 ounces""}","#2,739 in Beauty & Personal Care (See Top 100 in Beauty & Personal Care)
#93 in Face Moisturizers",,0
B0D5CW983D,"PURITO SEOUL Wonder Releaf Centella BB Cushion #21 Light Beige, Foundation, Korean Centella, Makeup Long Lasting, Flawless Coverage, K-Beauty, 15g, 0.52 fl.oz",3,Makeup,No brand,24.0,"154","{""description"": ""[üèÜ BEST-SELLING BB CREAM IN A CUSHION üèÜ] The cushion version of the Amazon best-selling BB cream offers the same natural BB coverage with a semi-matte finish, perfect for on-the-go application.\n[üçÄINFUSED WITH CALMING KOREAN CENTELLA üçÄ] Korean Centella Asiatica, an ancient Korean herb, is a renowned soothing wonder. Having to survive the harsh conditions of Korea‚Äôs four seasons and diverse terrains, it possesses stronger soothing properties, effectively relieving skin redness and discomfort.\n[‚úîÔ∏èMADE FOR SENSITIVE SKIN‚úîÔ∏è] Completed 3 skin irritation tests - this cushion is dermatologist-tested, hypoallergenic, and suitable especially for sensitive skin.\n[‚ú® BUILDABLE LAYERING‚ú®] Provides customizable, layer-by-layer coverage that can be adjusted according to preference, improving the appearance of skin texture and effectively covering pores, blemishes, pimple marks, and redness.\n[‚è±Ô∏èLONG LASTING WEAR‚è±Ô∏è] Powered by Dual Fitting Technology, blending TiO2 spherical and plate-shaped powders, this formula fills creases and wrinkles for a thin, long-lasting application.""}",No special feature,4.2,"{""ASIN"": ""B0D5CW983D"", ""Manufacturer"": ""HINATURE Inc."", ""Country of Origin"": ""Korea, Republic of"", ""Product Dimensions"": ""2.95 x 2.95 x 2.09 inches; 4.66 ounces""}","#147,483 in Beauty & Personal Care (See Top 100 in Beauty & Personal Care)
#1,136 in Foundation Makeup","After using the Wonder Releaf Centella BB Cushion, reapply as often as needed to touch up your makeup. Customizable layer-by-layer coverage allows for a more flawless complexion. After applying Purito Wonder Releaf Centella Sunscreen, pat the BB Cushion on blemishes or areas that need coverage for a natural finish.",0
B0D9WLHGH9,"PURITO Cica Clearing BB Cream #13 Neutral Ivory + #23 Natural Beige (1 fl.oz / 30ml) Vegan bb cream, foundation, cruelty free",4,Makeup,No brand,,No rating,"{""description"": ""Vegan & Cruelty-free\nGlow & Natural-Coverage\nEO & Artificial Fragrance-free\nDay Care""}",No special feature,,"{""ASIN"": ""B0D9WLHGH9""}",No result,,0
B0D9WLLX2V,"PURITO Cica Clearing BB Cream #13 Neutral Ivory + #27 Sand Beige (1 fl.oz / 30ml) Vegan bb cream, foundation, cruelty free",8,Makeup,No brand,,No rating,"{""description"": ""Vegan & Cruelty-free\nGlow & Natural-Coverage\nEO & Artificial Fragrance-free\nDay Care""}",No special feature,,"{""ASIN"": ""B0D9WLLX2V""}",No result,,0
B0D9WMRZWP,"PURITO Cica Clearing BB Cream #21 Light Beige + #27 Sand Beige (1 fl.oz / 30ml) Vegan bb cream, foundation, cruelty free",5,Makeup,No brand,,No rating,"{""description"": ""Vegan & Cruelty-free\nGlow & Natural-Coverage\nEO & Artificial Fragrance-free\nDay Care""}",No special feature,,"{""ASIN"": ""B0D9WMRZWP""}",No result,,0
B0D9WNHL3Q,"PURITO Cica Clearing BB Cream #13 Neutral Ivory + #21 Light Beige (1 fl.oz / 30ml) Vegan bb cream, foundation, cruelty free",6,Makeup,No brand,,"2","{""description"": ""Vegan & Cruelty-free\nGlow & Natural-Coverage\nEO & Artificial Fragrance-free\nDay Care""}",No special feature,5.0,"{""ASIN"": ""B0D9WNHL3Q""}",No result,,0
B0D9WPLG1S,"PURITO Cica Clearing BB Cream #13 Neutral Ivory + #15 Rose Ivory (1 fl.oz / 30ml) Vegan bb cream, foundation, cruelty free",7,Makeup,No brand,,"1","{""description"": ""Vegan & Cruelty-free\nGlow & Natural-Coverage\nEO & Artificial Fragrance-free\nDay Care""}",No special feature,5.0,"{""ASIN"": ""B0D9WPLG1S""}",No result,,0
B0DCYJY651,"PURITO Mighty Bamboo Panthenol Cleanser, Gentle Face Wash for Moisturizing, for Sensitive Skin, Vegan & Cruelty-Free Face Cleanser150ml / 5.07 fl. Oz.",7,Skin Care Products,PURITO,15.0,"115","{""description"": ""[Gentle Low pH Formula for Barrier Protection] - Because the skin barrier deserves gentle care, this low pH cleanser helps balance your skin's pH to support a healthy barrier, reducing the risk of moisture loss and sensitivity.\n[Post-Cleanse Hydration Boost] - Clinically proven to increase hydration levels post-cleansing, this cleanser ensures your skin stays hydrated without causing tightness or stripping.\n[Bamboo Extract Resembling Body Moisture] - Korean Bamboo Extract, with a composition similar to that of the human body, penetrates deeply to enhance the skin's moisture barrier, promoting strong and resilient skin.\n[Day & Night Cleanser] - Equally gentle and strong, delivering a pleasant morning refresh and an effective nighttime cleanse that removes sunscreen and stubborn impurities.\n[Made for Sensitive Skin] - This cleanser with its unique gel formula ensures a gentle yet effective cleanse, tested to be hypoallergenic and suitable for sensitive skin.""}",No special feature,4.7,"{""ASIN"": ""B0DCYJY651"", ""Manufacturer"": ""HINATURE Inc"", ""Country of Origin"": ""Korea, Republic of"", ""Product Dimensions"": ""1.38 x 1.38 x 2.76 inches; 6.7 ounces""}","#58,563 in Beauty & Personal Care (See Top 100 in Beauty & Personal Care)
#839 in Facial Cleansing Washes",,0
B0DHTZV81L,PURITO Centella Unscented Serum & Mighty Bamboo Panthenol Cream Glow Duo Glass Skin Duo Set,8,Skin Care Products,PURITO,,"3","{""description"": ""Rich moisturizing cream formulated with 10% Panthenol helps protect and strengthen the skin barrier. Panthenol provides instant hydration, attracts and holds moisture to retain it within the skin layers.\n[‚ú®#1 MOST REPURCHASED HOLY GRAIL SERUM‚ú®] - The ultimate sensitive-skin savior, this serum is a must-have for those seeking irritation and redness relief.\nPanthenol also called pro-vitamin B5 is both an emollient and humectant with exceptional moisturizing benefits. It helps strengthen the skin barrier and serves as a protection against environmental stressors. This is a high-performance ingredient that soothes the skin, providing instant relief to redness and irritation.\n[‚è±Ô∏è10-SECOND RAPID SOOTHING‚è±Ô∏è] - Clinically proven to instantly calm the skin, this serum delivers quick relief from irritation and redness after just one application.""}",No special feature,5.0,"{""ASIN"": ""B0DHTZV81L""}",No result,,0
B0DHV38KHH,PURITO Oat-in Calming Gel Cream Mighty Bamboo Panthenol Cream Glass Skin Duo Set,33,Skin Care Products,PURITO,,No rating,"{""description"": ""[THE PERFECT CREAM BUNDLE SET] - The combination of Oat-in Calming Gel Cream which instantly calms dry and sensitive skin, and the Mighty Bamboo Panthenol Cream which helps protect and strengthen the skin barrier, makes the synergy stronger to your skin\n[KEEP YOUR SKIN BALANCED AND VIBRANT] - The combination of oat and panthenol provides a refreshing splash of hydration and additional nutrients while creating a protective barrier\n[INFUSED WITH ONLY NATURAL INGREDIENTS] - Both products are made with gentle ingredients, such as Avena Sative (Oat) Seed Water, Niacinamide, and Centella Asiatica Extract, which make them completely safe to use\n[INSTANTLY IMPROVES THE SKIN'S MOISTURE BARRIER] - Rich in antioxidants and hydrating properities, this cream set is for all skin types, particularly suitable for sensitive skin""}",No special feature,,"{""ASIN"": ""B0DHV38KHH""}",No result,,0
B0DHV38R27,PURITO Centella Unscented Serum & PURITO Oat-in Calming Gel Cream100 ml Set,5,Skin Care Products,PURITO,,No rating,"{""description"": ""[‚ú®#1 MOST REPURCHASED HOLY GRAIL SERUM‚ú®] - The ultimate sensitive-skin savior, this serum is a must-have for those seeking irritation and redness relief.\nAvena Sativa (Oat) Seed Water(77%) is a gentle ingredient that calms irritated skin. Rich in antioxidants and hydrating properties, this ingredient instantly improves the skin's moisture barrier. It is particularly suitable for sensitive skin.""}",No special feature,,"{""ASIN"": ""B0DHV38R27""}",No result,,0
B0DHV41VSL,PURITO Oat-in Calming Gel Cream 100 ml & PURITO SEOUL Timeless Bloom Retinol Spot Cream Set,7,Skin Care Products,PURITO,,No rating,"{""description"": ""Avena Sativa (Oat) Seed Water(77%) is a gentle ingredient that calms irritated skin. Rich in antioxidants and hydrating properties, this ingredient instantly improves the skin's moisture barrier. It is particularly suitable for sensitive skin.\n[üí™üèª POWERFUL WRINKLE REDUCTION üí™üèª] A gentle, yet powerful wrinkle erasing spot cream with a creamy texture, made for first-time retinol users.""}",No special feature,,"{""ASIN"": ""B0DHV41VSL""}",No result,,0
B0DHV6GN76,PURITO Oat-in Calming Gel Cream 100 ml Deep Sea Cream Set,2,Skin Care Products,No brand,,"1","{""description"": ""Avena Sativa (Oat) Seed Water(77%) is a gentle ingredient that calms irritated skin. Rich in antioxidants and hydrating properties, this ingredient instantly improves the skin's moisture barrier. It is particularly suitable for sensitive skin.\n[üíßMOISTURE LOCKING HYDRA-SEAL CREAMüíß] Satin-like gel cream creates a barrier and seals in moisture to maintain long-lasting hydration for supple skin.""}",No special feature,5.0,"{""ASIN"": ""B0DHV6GN76""}",No result,,0
B0DK32WJZY,"PURITO Luminous Moisture Shea Butter Body Lotion, Shea Butter, Gentle on Skin, Moisturizing, Dry Skin, Pump Bottle, K-Beauty, 300ml / 10.14 fl. oz. (Midnight Romance, 10.14 fl. oz.)",28,Skin Care Products,PURITO,25.0,"188","{""description"": ""[Signature Korea Scents] - Smell and feel good with 3 uplifting scents that transport/take you to Korea‚Äôs charming urban, coastal, and traditional scenes.\n[Scents Safe for All] - Crafted with *no fragrance allergens(as of august 2024) and clinically proven to be irritation-free to ensure all skin types can safely enjoy the scented experience.\n[Comforting Velvety Texture] - The soft, non-greasy texture absorbs quickly and moisturizes thoroughly, leaving the skin with a residue-free, silky smooth feel.\n[Dry Skin Solution] - Shea butter, a super food for the skin, combined with the vitality of Jeju Starflower, provides long-lasting, deep moisture for supple skin.""}",No special feature,4.6,"{""ASIN"": ""B0DK32WJZY"", ""Manufacturer"": ""HINATURE Inc."", ""Country of Origin"": ""Korea, Republic of"", ""Product Dimensions"": ""2.48 x 2.48 x 6.1 inches; 13.05 ounces""}","#174,869 in Beauty & Personal Care (See Top 100 in Beauty & Personal Care)
#2,612 in Body Lotions",,0
B0DKHD1BS7,"PURITO SEOUL Best Kit - Skincare Routine with Panthenol Cleanser & Cream, Unscented Centella Serum & Toner, For All Skin Types, Gift Set, For Face, Facial Serum, K-Beauty, 3.52 fl. oz.",9,Skin Care Products,PURITO,23.0,"57","{""description"": ""[üåüPURITO SEOUL BEST KITüåü] - A compact and convenient kit for a full skincare routine.\n[üçÄCLEANSERS TO FACIAL CREAMüçÄ] - Complete with a cleanser, toner, serum and cream, you can take care of your skin from A to Z with this single kit.\n[üéç SKIN-FRIENDLY INGREDIENTS] - Korean Centella-infused products soothe your skin while the Korean Bamboo formulas strengthen the moisture barrier.\n[‚ú® CUTE AND MINI SIZE ‚ú®] - Five mini versions of Purito Seoul‚Äôs bestsellers, small enough to take these little skincare buddies with you wherever you go!\n[‚úîÔ∏èMADE FOR ALL SKIN TYPES‚úîÔ∏è] - Feel the difference every time using our Best Kit. Gift your skin rapid soothing and a radiant glow.""}",No special feature,4.5,"{""ASIN"": ""B0DKHD1BS7"", ""Manufacturer"": ""HINATURE Inc."", ""Country of Origin"": ""Korea, Republic of"", ""Package Dimensions"": ""5.31 x 4.13 x 1.26 inches; 6.38 ounces""}","#26,851 in Beauty & Personal Care (See Top 100 in Beauty & Personal Care)
#48 in Skin Care Sets & Kits",,0
B0DMVYYQV2,"PURITO Centella Unscented Toner, Unscented Serum, Mighty Bamboo Panthenol Cream Set",34,Skin Care Products,PURITO,,No rating,"{""description"": ""[‚è±Ô∏è10-SECOND RAPID SOOTHING‚è±Ô∏è] - Gently crafted for sensitive skin, this rapid-soothing toner delivers quick relief from irritation and redness after just one application.\n[‚ú®#1 MOST REPURCHASED HOLY GRAIL SERUM‚ú®] - The ultimate sensitive-skin savior, this serum is a must-have for those seeking irritation and redness relief.\nRich moisturizing cream formulated with 10% Panthenol helps protect and strengthen the skin barrier. Panthenol provides instant hydration, attracts and holds moisture to retain it within the skin layers. Combined with skin-friendly ingredients such as Niacinamide, Squalane, and Centella Asiatica Extract, this cream offers exceptional performance in softening the skin, leaving it smooth, and providing continuous improvements to skin's health.\n[üçÄINFUSED WITH CALMING KOREAN CENTELLAüçÄ] - Korean Centella Asiatica, an ancient Korean herb, is a renowned soothing wonder. Having to survive the harsh conditions of Korea‚Äôs four seasons and diverse terrains, it possesses stronger soothing properties, effectively relieving skin redness and discomfort.""}",No special feature,,"{""ASIN"": ""B0DMVYYQV2"", ""Manufacturer"": ""PURITO""}",No result,,0
B0DMVZC6BD,"PURITO Mighty Bamboo Panthenol Cleanser, Centella Unscented Serum & Oat-in Calming Gel Cream Set",35,Skin Care Products,PURITO,,No rating,"{""description"": ""[Gentle Low pH Formula for Barrier Protection] - Because the skin barrier deserves gentle care, this low pH cleanser helps balance your skin's pH to support a healthy barrier, reducing the risk of moisture loss and sensitivity.\n[‚ú®#1 MOST REPURCHASED HOLY GRAIL SERUM‚ú®] - The ultimate sensitive-skin savior, this serum is a must-have for those seeking irritation and redness relief.\nRefreshing gel cream with nourishing Avena Sativa (Oat) Seed Water instantly calms dry and sensitive skin. The lightweight clear texture softly melts on the skin, easily seeping into its layers. This gel cream improves skin's moisture level, and soothes hypersensitivity, keeping the skin balanced and vibrant. The combination of oat and panthenol provides a refreshing splash of hydration and additional nutrients while creating a protective barrier.""}",No special feature,,"{""ASIN"": ""B0DMVZC6BD""}",No result,,0
B0DMVZTVH1,"PURITO From Green Cleansing Oil, Centella Unscented Serum & Mighty Bamboo Panthenol Cream Set",4,Skin Care Products,PURITO,,No rating,"{""description"": ""[‚≠êÔ∏èSHOW OFF YOUR BRIGHT AND FRESH SKIN‚≠êÔ∏è] - This hypoallergenic cleansing oil uses only essential ingredients to prevent the skin from drying out, and it moisturizes your skin to reveal a radiant and soft complexion. Remove makeup, sunscreens, dust, and other waste products with this deep, soft cleansing oil.\n[‚ú®#1 MOST REPURCHASED HOLY GRAIL SERUM‚ú®] - The ultimate sensitive-skin savior, this serum is a must-have for those seeking irritation and redness relief.\nRich moisturizing cream formulated with 10% Panthenol helps protect and strengthen the skin barrier. Panthenol provides instant hydration, attracts and holds moisture to retain it within the skin layers. Combined with skin-friendly ingredients such as Niacinamide, Squalane, and Centella Asiatica Extract, this cream offers exceptional performance in softening the skin, leaving it smooth, and providing continuous improvements to skin's health.""}",No special feature,,"{""ASIN"": ""B0DMVZTVH1""}",No result,,0
B0DNM9M7QJ,Purito Seoul Perfect Routine Set for Glass skin (Panthenol Cleanser + Centella Unscented Toner + Serum + Panthenol Cream),6,Skin Care Products,PURITO,,"1","{""description"": ""[Gentle Low pH Formula for Barrier Protection] - Because the skin barrier deserves gentle care, this low pH cleanser helps balance your skin's pH to support a healthy barrier, reducing the risk of moisture loss and sensitivity.\n[‚è±Ô∏è10-SECOND RAPID SOOTHING‚è±Ô∏è] - Gently crafted for sensitive skin, this rapid-soothing toner delivers quick relief from irritation and redness after just one application.\n[‚ú®#1 MOST REPURCHASED HOLY GRAIL SERUM‚ú®] - The ultimate sensitive-skin savior, this serum is a must-have for those seeking irritation and redness relief.\nRich moisturizing cream formulated with 10% Panthenol helps protect and strengthen the skin barrier. Panthenol provides instant hydration, attracts and holds moisture to retain it within the skin layers. Combined with skin-friendly ingredients such as Niacinamide, Squalane, and Centella Asiatica Extract, this cream offers exceptional performance in softening the skin, leaving it smooth, and providing continuous improvements to skin's health.""}",No special feature,5.0,"{""ASIN"": ""B0DNM9M7QJ"", ""Manufacturer"": ""PURITO""}",No result,"Gently cleanse face with Panthenol Cleanser, then apply Centella Unscented Toner. Follow with the Serum for irritation and redness relief. Finish with Panthenol Cream, combined with skin-friendly ingredients, for moisturizing. Use daily for best results.",0
B0DNM9Y7H9,"Purito Seoul BEST SELLER SET FOR GLASS SKIN (Centella Unscented Serum + Mighty Bamboo Panthenol Cream + Oat-in Calming Gel Cream), Moisturizer, Vegan & Cruelty-Free, Kore",3,Skin Care Products,PURITO,,No rating,"{""description"": ""[‚ú®#1 MOST REPURCHASED HOLY GRAIL SERUM‚ú®] - The ultimate sensitive-skin savior, this serum is a must-have for those seeking irritation and redness relief.\nRich moisturizing cream formulated with 10% Panthenol helps protect and strengthen the skin barrier. Panthenol provides instant hydration, attracts and holds moisture to retain it within the skin layers. Combined with skin-friendly ingredients such as Niacinamide, Squalane, and Centella Asiatica Extract, this cream offers exceptional performance in softening the skin, leaving it smooth, and providing continuous improvements to skin's health.\nRefreshing gel cream with nourishing Avena Sativa (Oat) Seed Water instantly calms dry and sensitive skin. The lightweight clear texture softly melts on the skin, easily seeping into its layers. This gel cream improves skin's moisture level, and soothes hypersensitivity, keeping the skin balanced and vibrant. The combination of oat and panthenol provides a refreshing splash of hydration and additional nutrients while creating a protective barrier.\n[‚è±Ô∏è10-SECOND RAPID SOOTHING‚è±Ô∏è] - Clinically proven to instantly calm the skin, this serum delivers quick relief from irritation and redness after just one application.""}",No special feature,,"{""ASIN"": ""B0DNM9Y7H9""}",No result,,0
B0DQ3BQ8YC,"PURITO Mighty Bamboo Panthenol Serum, Glow Serum, Moisture Barrier Repair, for All Skin Types, Fast Absorbing, Deep Hydration, Glass Skin, Vegan & Cruelty-Free, Korean Skincare 1.01 fl.oz / 30 mL",24,Skin Care Products,PURITO,22.0,No rating,"{""description"": ""[ 13% Panthenol for Deep Hydration ] High concentration of Panthenol (Vitamin B5) acts as a hydration building block, attracting and retaining deep moisture within the skin layers. It soothes irritation and enhances skin resilience against daily environmental stressors, leaving it soft and nourished.\n[ Glowing Radiance with Damyang Bamboo ] Rich in essential amino acids, Korean Damyang Bamboo Extract deeply hydrates and enhances moisture retention, helping to keep your skin plump, glowing, and radiant. This K-beauty ingredient works to mimic the body‚Äôs natural moisture balance for a luminous finish.\n[ Gentle and Safe for All Skin Types ] Dermatologist-tested and hypoallergenic, this serum is free of artificial fragrances and essential oils, making it ideal for all skin types including the sensitive skin.\n[ Vegan & Clean Beauty Formula ] Lightweight, fast-absorbing serum leaves your skin feeling refreshed and hydrated without a sticky residue. Made with plant-based, cruelty-free ingredients, it‚Äôs perfect for your clean and conscious skincare routine while providing glowing results.\n[ Complete Your Moisturizing Routine ] Begin with our Panthenol Cleanser to gently cleanse, follow with the Panthenol Serum to deeply hydrate, and finish with the Panthenol Cream to lock in moisture‚Äîyour complete skincare routine for smooth, refreshed, and radiant skin.""}",No special feature,,"{""ASIN"": ""B0DQ3BQ8YC"", ""Manufacturer"": ""HINATURE Inc"", ""Country of Origin"": ""Korea, Republic of"", ""Package Dimensions"": ""3.82 x 1.57 x 1.57 inches; 3.21 ounces""}","#135,121 in Beauty & Personal Care (See Top 100 in Beauty & Personal Care)
#2,647 in Facial Serums",,0
